Karen O.,The Moon Song (OST Her),,,,,,,,,
Egor Grushin,New Theme (2013),,,,,,,,,
a-ha,Don't Do Me Any Favours,Analogue,2005,Alternative & Punk, New Wave Pop, New Wave Pop,Male, Male Group,Brooding, Energetic Melancholy
a-ha,A Fine Blue Line,Analogue,2005,Alternative & Punk, New Wave Pop, New Wave Pop,Male, Male Group,Empowering, Dramatic Emotion
Echo & The Bunnymen,Lost On You,What Are You Going To Do With Your Life,1999,Alternative & Punk, Indie Rock, Original Post-Punk,Male, Male Group,Empowering, Powerful / Heroic
Один в каное,Пообіцяй мені,,,,,,,,,
The Pretty Reckless,Kill Me,,,,,,,,,
Singleton,Breathe In Breathe Out,,,,,,,,,
M83 ,Go! (feat. Mai Lan),,,,,,,,,
Ingrid Michaelson,Die Alone,Girls And Boys,2006,Pop, Western Pop, Adult Alternative Pop,Female, Female,Yearning, Sensitive / Exploring
Whitey,People,,,,,,,,,
Fool's Garden,Reason,,,,,,,,,
The Kinks,Sunny Afternoon [Stereo],Face To Face [Disc 2],1966,Rock, 60's Rock, British Invasion,Male, Male Group,Urgent, Dark Urgent
Panivalkova,Крейзі Нікіта,,,,,,,,,
Manowar,Die For Metal,Gods Of War,2007,Rock, Metal, Power Metal,Male, Male Group,Aggressive, Aggressive Power
Katie Melua,If You Were A Sailboat,Pictures,2007,Pop, Western Pop, Adult Contemporary,Female, Female,Empowering, Dramatic Emotion
Egor Grushin,Essential,,,,,,,,,
U2,With Or Without You,The Joshua Tree,1987,Rock, Adult Alternative Rock, Adult Alternative Rock,Male, Male Group,Empowering, Idealistic / Stirring
Esthetic Education,Crucify,,,,,,,,,
Egor Grushin,Kaisermarsch,,,,,,,,,
Egor Grushin,Beginning,,,,,,,,,
KRUT,I Wanna Fly,,,,,,,,,
Варвара Визбор,Мюнхгаузен,,,,,,,,,
Twenty One Pilots,Heathens,,,,,,,,,
Stateless,Bloodstream,,,,,,,,,
Snow Patrol,The Weight Of Love,Fallen Empires,2011,Alternative & Punk, Brit Rock, Brit Rock,Male, Male Group,Brooding, Alienated / Brooding
Rich Aucoin,Brian Wilson is A.L.i.V.E. (All Living Instantly Vanquish Everything),,,,,,,,,
f(x),좋아해도 되나요 (...Is It OK?),Hot Summer,2011,Pop, Korean Pop, K-Pop,Female, Female Group,Yearning, Energetic Yearning
Low Roar,I'll Keep Coming,,,,,,,,,
Theatre Of Tragedy,City Of Light,Musique,2000,Rock, Metal, Gothic Metal,Mixed, Mixed Group,Defiant, Heavy Brooding
The Puppini Sisters,Wuthering Heights,Betcha Bottom Dollar,2006,Jazz, Jazz Vocals, Jazz Vocals,Female, Female Group,Sophisticated, Suave / Sultry
The Material,Life Vest,,,,,,,,,
Nerina Pallot,Someday Soon,Dear Frustrated Superstar,2001,Pop, Western Pop, Adult Alternative Pop,Female, Female,Empowering, Dramatic Emotion
Ruelle,Live Like Legends,,,,,,,,,
Ruelle,Until We Go Down [OST Он - Дракон],,,,,,,,,
Thomas Lemmer,Is It Too Late feat. Lena Belgart (Classic Piano Mix),,,,,,,,,
francesca michielin,nessun grado di separazione,,,,,,,,,
Samra,Miracle(Евровидение 2016 Азербайджан),,,,,,,,,
Coldplay,Up&Up,,,,,,,,,
Rafferty.,Apple Pie. ,,,,,,,,,
Stanislav Artemyev,Time,,,,,,,,,
Doom_4_Soundtrack,The_New_E1M1_At_Dooms_Gate_Cover_remix_FanMade,,,,,,,,,
Woodkid,The Deer ,,,,,,,,,
8mm,Angel,,,,,,,,,
Ramona Falls,Spore,,,,,,,,,
Paul Halley,Winter,,,,,,,,,
Alizée,Moi... Lolita,Gourmandises,2000,Pop, European Pop, French Pop,Female, Female,Urgent, Dark Pop Intensity
Тартак,Дрг І Врг,,,,,,,,,
Тартак,Мене Вже Немає,,,,,,,,,
Julie Thompson with Dragon & Jontron,Loved (Radio Edit),,,,,,,,,
Nevermind The Name,On Horus Wings,,,,,,,,,
Astor Piazzolla,Libertango,El Concierto De Lugano [Live],1992,Other, Latin Traditional, Tango,Male, Male,Sophisticated, Intimate Bittersweet
Erlend Øye,La Prima Estate,,,,,,,,,
Heidevolk,Deemstering,,,,,,,,,
Carpenter Brut,Le Perv,,,,,,,,,
Carpenter Brut,Escape From Midwich Valley,,,,,,,,,
Henry Mancini,Moon River,Breakfast At Tiffany's (Music From The Motion Picture Score),1961,Pop, Easy Listening, Other Easy Listening,Male, Male,Romantic, Dramatic / Romantic
Камиль Сен-Санс,Пляска смерти,,,,,,,,,
April March,Chick Habit,,,,,,,,,
Sebastien feat. Satellite Empire,Escape (Original Mix),,,,,,,,,
Elton John,Your Sister Can't Twist (But She Can Rock & Roll),Goodbye Yellow Brick Road,1973,Pop, Western Pop, Singer-Songwriter,Male, Male,Excited, Happy Excitement
Caravan Palace,Violente valse,,,,,,,,,
Caravan Palace,Dragons,,,,,,,,,
Caro Emerald,The Wonderful In You,The Shocking Miss Emerald,2013,Jazz, Jazz Vocals, Jazz Vocals,Female, Female,Easygoing, Friendly
Caravan Palace,Aftermath,,,,,,,,,
she & him,why do you let me stay here?,,,,,,,,,
Dita Von Teese feat.  Monarchy ,Disintegration,,,,,,,,,
The Velvet Underground,Louise,Squeeze,1972,Alternative & Punk, New Wave Rock, New Wave Rock,Mixed, Mixed Group,Cool, Dark Groovy
Iyeoka, Simply Falling ,,,,,,,,,
Palast Orchester & Max Raabe,Original Charleston,,,,,,,,,
Мария Чайковская,Не треба,,,,,,,,,
Марія Чайковська,Розкажи,,,,,,,,,
Крихітка,Без Імені,,,,,,,,,
Carpenter Brut,Turbo Killer,,,,,,,,,
La Femme,Télégraphe,,,,,,,,,
Explosions In The Sky,Magic Hours,"How Strange, Innocence",2000,Alternative & Punk, Indie Rock, Post-Rock,Male, Male Group,Melancholy, Light Melancholy
Metric,Soft Rock Star,Grow Up and Blow Away,2007,Alternative & Punk, Indie Rock, Post-Punk Revival,Mixed, Mixed Group,Excited, Upbeat Pop Groove
Amanda Palmer,Astronaut,,,,,,,,,
Hedged,Every Time I Call,,,,,,,,,
Tim Minchin,Some People Have It Worse Than Me,,,,,,,,,
монеточка,Ржаной Сухарь,,,,,,,,,
Akira Yamaoka feat Mary Elizabeth McGlynn,One More Soul to the Call,,,,,,,,,
Monarchy,Living Without You,,,,,,,,,
Георг Фридрих Гендель,Сарабанда (Сюита №11),,,,,,,,,
Laura Marling,My Manic And I,"Alas, I Cannot Swim",2008,Alternative & Punk, Alternative Folk, Alternative Folk,Female, Female,Sophisticated, Smoky / Romantic
Parov Stelar,Booty Swing (Original),,,,,,,,,
Parov Stellar,Catgroove,,,,,,,,,
Jody Grind,We've Had It,,,,,,,,,
Caravan Palace,Lone Digger,,,,,,,,,
Young The Giant,Cough Syrup,Young The Giant,2010,Alternative & Punk, Alternative, Alternative Rock,Male, Male Group,Empowering, Powerful / Heroic
Tarja Turunen,In The Picture,,,,,,,,,
Macklemore & Ryan﻿ Lewis  ,Thrift Shop (Violin Cover),,,,,,,,,
Bruce Dickinson,Abduction,Tyranny Of Souls,2005,Rock, Metal, Classic British Metal,Male, Male,Defiant, Hard Dark Excitement
Hans Zimmer,"503 (OST ""Ангелы и демоны"" (2009)) [Hans Zimmer]",,,,,,,,,
Alice Francis,Shoot Him Down (Parov Stelar Radio Version),,,,,,,,,
Caravan Palace,Jolie Coquine,,,,,,,,,
Barbara Rosene with Vince Giordano and His Nighthawks,Lovable and Sweet,,,,,,,,,
Один в каное,Демони,,,,,,,,,
Swingrowers,That's Right,,,,,,,,,
Tarja Turunen,Mystique Voyage,,,,,,,,,
Die Form,Cantique,,,,,,,,,
Verticals,So Long,,,,,,,,,
Серце Дженіфер,Намалю'you (...місяць і сонце...),,,,,,,,,
Maria Bekas & Soul,Once In The Street (Nino Katamadze cover),,,,,,,,,
Maria Bekas & Taras Nikolsky (TRUEMAN),"""Gatekeeper"" live (Feist cover)",,,,,,,,,
Tarja Turunen,Never Enough,,,,,,,,,
Radiohead,Let Down,OK Computer,1997,Alternative & Punk, Brit Rock, Brit Rock,Male, Male Group,Yearning, Energetic Dreamy
Chaos Chaos,Do You Feel It?,,,,,,,,,
The Kooks,Down,Listen,2014,Alternative & Punk, Indie Rock, Indie Pop,Male, Male Group,Cool, Wary / Defiant
Corde Oblique,Cantastorie,,,,,,,,,
The Prodigy,The Day Is My Enemy,The Day Is My Enemy,2015,Electronica, Electronica Mainstream, Big Beat,Male, Male Group,Aggressive, Aggressive Power
Of Monsters And Men,Thousand Eyes,Beneath The Skin [Deluxe Release],2015,Alternative & Punk, Alternative Folk, Alternative Folk,Mixed, Mixed Group,Somber, Enigmatic / Mysterious
The Radio Dept.,Strange Things Will Happen,Lesser Matters,2004,Alternative & Punk, Indie Rock, Dream Pop,Male, Male Group,Romantic, Heartfelt Passion
O. Children,Ruins,,,,,,,,,
Nik Page feat. Luminor,Voices From Outer Space,,,,,,,,,
The Night VI ,Heroine,,,,,,,,,
Kaleida,Think,,,,,,,,,
Low,Step,The Great Destroyer,2005,Alternative & Punk, Indie Rock, Slowcore,Mixed, Mixed Group,Brooding, Alienated / Brooding
The Poppy Family,There's No Blood in Bone,,,,,,,,,
Parov Stelar,Hurt,,,,,,,,,
Kila,Dusty Wine Bottle,,,,,,,,,
Valravn,Kroppar,,,,,,,,,
Karpatt,Des Idées,,,,,,,,,
Manowar,Warriors Of The World United,Warriors Of The World,2002,Rock, Metal, Power Metal,Male, Male Group,Aggressive, Aggressive Power
Katzenjammer,Lady Marlene,A Kiss Before You Go,2011,Alternative & Punk, Indie Rock, Indie Pop,Female, Female Group,Melancholy, Wistful / Forlorn
Сeltic fantasy,Fairy Dance,,,,,,,,,
Demi Lovato,Cool For The Summer,Confident [Deluxe Edition],2015,Pop, Western Pop, Dance Pop,Female, Female,Urgent, Energetic Anxious
Nerf Herder,Buffy the Vampire Slayer Theme,,,,,,,,,
Madonna (2015),Ghosttown ,,,,,,,,,
UNKLE,When Things Explode (Featuring Ian Astbury),War Stories,2007,"Electronica; Downtempo, Lounge & Ambient; Trip Hop",Male, Male Group,Brooding, Dreamy Brooding,,
The Radio Dept.,It's Personal,Pet Grief,2006,Alternative & Punk, Indie Rock, Dream Pop,Male, Male Group,Somber, Enigmatic / Mysterious
Helloween,Stay Crazy,My God-Given Right,2015,Rock, Metal, Power Metal,Male, Male Group,Defiant, Heavy Brooding
Poe,Haunted,Haunted,2000,Alternative & Punk, Alternative, Alternative Singer-Songwriter,Female, Female,Yearning, Energetic Yearning
Raydar,Full Moon,,,,,,,,,
Powerwolf,St. Satan's Day,,,,,,,,,
David Usher,Black Black Heart,Morning Orbit,2001,Rock, Adult Alternative Rock, Adult Alternative Rock,Male, Male,Melancholy, Sad / Soulful
"Moa Pillar & Save, She",Passage-Boat,,,,,,,,,
Mylène Farmer,Pourvu Qu'elles Soient Douces,Les Mots,2001,Pop, European Pop, French Pop,Female, Female,Gritty, Sober / Determined
Genitorturers,Kabangin' All Night,,,,,,,,,
Metallica,The Day That Never Comes,Death Magnetic,2008,Rock, Metal, Thrash Metal,Male, Male Group,Urgent, Energetic Anxious
Tim Minchin,Confessions,,,,,,,,,
a-ha,Objects In The Mirror,Cast In Steel,2015,Alternative & Punk, New Wave Pop, New Wave Pop,Male, Male Group,Brooding, Energetic Melancholy
Tim Minchin,Not Perfect,,,,,,,,,
She & Him,Why Do You Let Me Stay Here?,Volume One,2008,Alternative & Punk, Indie Rock, Indie Pop,Mixed, Mixed Duo,Upbeat, Soulful / Easygoing
Meg Myers,A Bolt From the Blue,,,,,,,,,
Muse,Starlight,Black Holes And Revelations,2006,Alternative & Punk, Alternative, Alternative Rock,Male, Male Group,Defiant, Heavy Brooding
Muse,New Born,Origin Of Symmetry,2001,Alternative & Punk, Alternative, Alternative Rock,Male, Male Group,Brooding, Alienated / Brooding
Tim Minchin,Canvas Bags,,,,,,,,,
Tim Minchin,Dark Side,,,,,,,,,
Tim Minchin,Fat Children,,,,,,,,,
Tim Minchin,Ten Foot Cock And A Few Hundred Virgins,,,,,,,,,
Tim Minchin,The Good Book,,,,,,,,,
Tim Minchin,Prejudice,,,,,,,,,
Hot as sun,"Mother, I`m alive",,,,,,,,,
Cœur De Pirate,Oceans Brawl,Roses,2015,Pop, European Pop, Chanson,Female, Female,Brooding, Evocative / Intriguing
isaac shepard,sprinkle to rain,,,,,,,,,
Fabrizio Paterlini,Veloma,,,,,,,,,
Hotel FM,Change,,,,,,,,,
Stanislav Artemyev,Manifestation,,,,,,,,,
Stanislav Artemyev,Gust (orchestral),,,,,,,,,
Stanislav Artemyev,Gust (instrumental),,,,,,,,,
Apocalyptica,How Far - (Vocals Marta Jandová),Apocalyptica - Special Edition,2005,Rock, Metal, Progressive Metal,Male, Male Group,Defiant, Heavy Brooding
Apocalyptica,Faraway,Reflections,2003,Rock, Metal, Progressive Metal,Male, Male Group,Romantic, Dramatic / Romantic
Portishead,Elysium,Portishead,1997,"Electronica; Downtempo, Lounge & Ambient; Trip Hop",Mixed, Mixed Group,Urgent, Energetic Anxious,,
Adaline,Heartache,,,,,,,,,
Music Renascence,The System,,,,,,,,,
ATB,Made Of Glass,Trilogy,2007,Electronica, Trance, Trance,Male, Male,Urgent, Dark Pop Intensity
ATB,Missing,,,,,,,,,
Music Renascence,What is real,,,,,,,,,
Florence + The Machine,Rabbit Heart (Raise It Up),Lungs,2009,Alternative & Punk, Alternative, Alternative Singer-Songwriter,Mixed, Mixed Group,Excited, Upbeat Pop Groove
Aminata Savadogo,Love Injected (Латвия),,,,,,,,,
Paramore,The Only Exception,Brand New Eyes,2009,Alternative & Punk, Alternative, Alternative Rock,Mixed, Mixed Group,Empowering, Dramatic Emotion
Eric Clapton,Cocaine,Slowhand,1977,Rock, 70's Rock, Blues Rock,Male, Male,Brooding, Alienated / Brooding
Robbie Williams,The Road To Mondalay,The Best Of,,Pop, Western Pop, Adult Contemporary,Male, Male,Gritty, Strumming Yearning
The Chemical Brothers,Escape Velocity,Further,2010,Electronica, Electronica Mainstream, Big Beat,Male, Male Duo,Excited, Euphoric Energy
Ilya Beshevli,Night Forest,,,,,,,,,
Belasco,Chloroform,,,,,,,,,
Akira Yamaoka,Shot Down In Flames (feat.Mary Elizabeth McGlynn),,,,,,,,,
VAST,Turquoise,,,,,,,,,
Hybrid,The Formula Of Fear,,,,,,,,,
Hybrid, Disappear Here,,,,,,,,,
iamamiwhoami,Shadowshow,,,,,,,,,
 EXGF ,We Are The Hearts,,,,,,,,,
The Pretty Reckless,You Make Me Wanna Die,,,,,,,,,
Neil Patrick Harris [Dr. Horrible's Sing-Along Blog],A Brand New Day (зловещая песня),,,,,,,,,
Dr. Horrible's Sing-Along Blog,Slipping,,,,,,,,,
Dr. Horrible's Sing-Along Blog,Everything You Ever,,,,,,,,,
Two Door Cinema Club,Sun,,,,,,,,,
Vivienne Mort,ГГПТКН,,,,,,,,,
I Monster,Daydream In Blue,,,,,,,,,
Eels,Flyswatter,Daisies Of The Galaxy,2000,Alternative & Punk, Indie Rock, General Indie Rock,Male, Male Group,Cool, Wary / Defiant
Journey ,Separate Ways (Worlds Apart),,,,,,,,,
Sid Vicious,C'mon Everybody,Too Fast To Live...,2004,Alternative & Punk, Punk, Old School Punk,Male, Male Group,Brooding, Evocative / Intriguing
Temples,The Guesser,,,,,,,,,
Ольга Арефьева и Ковчег,А и Б ,,,,,,,,,
Agnes Obel,Riverside,Philharmonics,2010,Alternative & Punk, Indie Rock, Chamber Pop,Female, Female,Melancholy, Wistful / Forlorn
Elina Born ja Stig Rästa,Goodbye to Yesterday,,,,,,,,,
The Zombies,Remember You (Ost Version),R. I. P. Plus,2000,Rock, 60's Rock, British Invasion,Male, Male Group,Gritty, Sober / Determined
 Marcin Przybyłowicz,Hunt or Be Hunted (The Witcher 3: Wild Hunt OST),,,,,,,,,
The Witcher 3: Wild Hunt OST,Sword of Destiny (by Marcin Przybyłowicz & Percival),,,,,,,,,
Tom Holkenborg aka Junkie XL,Brothers In Arms (Extended Version) (Mad Max: Fury Road OST),,,,,,,,,
Lorde,Tennis Court,Pure Heroine,2013,Alternative & Punk, Synth Pop, Synth Pop,Female, Female,Cool, Wary / Defiant
the daydream club,soundwaves of gold,,,,,,,,,
The Weepies,Fancy Things,Sirens,2015,Alternative & Punk, Alternative Folk, Alternative Folk,Mixed, Mixed Duo,Gritty, Gritty / Soulful
The Exies,Stray,A Modern Way Of Living With The Truth,2007,Alternative & Punk, Alternative, Alternative Rock,Male, Male Group,Defiant, Hard Positive Excitement
Take That,Rule The World,Beautiful World,2006,Pop, Western Pop, Teen Boy Band,Male, Male Group,Yearning, Energetic Yearning
Sophie Hunger,Shape,,,,,,,,,
Крихітка Цахес,Щось на зразок,,,,,,,,,
Emilie Autumn,Opheliac,,,,,,,,,
Emilie Autumn,Juliet,,,,,,,,,
Hurts,Miracle,Exile,2013,Pop, Western Pop, Adult Alternative Pop,Male, Male Duo,Yearning, Energetic Yearning
VNV Nation,Illusion,Judgement,2007,Alternative & Punk, Synth Pop, Synth Pop,Male, Male Group,Brooding, Dreamy Brooding
Emilie Autumn,Liar (Machine Mix by Dope Stars INC.),,,,,,,,,
Emilie Autumn,Let The Record Show,,,,,,,,,
The Exies,Ugly,Head For The Door,2004,Alternative & Punk, Alternative, Alternative Rock,Male, Male Group,Urgent, Energetic Anxious
The Exies,This Is The Sound,A Modern Way Of Living With The Truth,2007,Alternative & Punk, Alternative, Alternative Rock,Male, Male Group,Urgent, Energetic Anxious
iday,return the love,,,,,,,,,
Ramona Falls,Fingerhold,,,,,,,,,
::: Ramona Falls,I Say Fever,,,,,,,,,
Anberlin,The Runaways,Never Take Friendship Personal,2005,Alternative & Punk, Alternative, Alternative Rock,Male, Male Group,Defiant, Heavy Brooding
First Aid Kit,Winter Is All Over You,,,,,,,,,
Axel Rudi Pell,Long Way To Go,,,,,,,,,
Edward Sharpe & The Magnetic Zeros,Home,Up From Below,2009,Alternative & Punk, Alternative Folk, Alternative Folk,Mixed, Mixed Group,Empowering, Idealistic / Stirring
Justice,D.A.N.C.E.,Cross,2007,Electronica, House, General House,Male, Male Duo,Energizing, Edgy / Sexy
Armin Van Buuren ft. Sharon Den Adel,In And Out Of Love,,,,,,,,,
Ingrid Michaelson,Time Machine,Lights Out,2014,Pop, Western Pop, Adult Alternative Pop,Female, Female,Urgent, Energetic Anxious
Stereophonics,In A Moment,Graffiti On The Train,2013,Alternative & Punk, Brit Rock, Brit Rock,Male, Male Group,Rowdy, Confident / Tough
Друга Ріка (РЕКОРДИ),Сам собі острів,,,,,,,,,
Один в каное,Небо,,,,,,,,,
Один в каное,Дерево,,,,,,,,,
Один в каное,Човен,,,,,,,,,
AtmAsfera ,Fly away (Internal),,,,,,,,,
Black Label Society,Mass Murder Machine,1919 Eternal,2002,Rock, Metal, Thrash Metal,Male, Male Group,Rowdy, Confident / Tough
The Maneken ,Sunbeam Girl ,,,,,,,,,
Один в каное,Лю,,,,,,,,,
The Maneken,Magic Of The Moment,,,,,,,,,
ПЛЕСО,Іди До Людей,,,,,,,,,
Muse,Butterflies & Hurricanes,Absolution,2003,Alternative & Punk, Alternative, Alternative Rock,Male, Male Group,Somber, Enigmatic / Mysterious
Ellie Goulding,Stay Awake,Halcyon Days,2013,Electronica, Electronica Mainstream, Pop Electronica,Female, Female,Urgent, Dark Pop
No Doubt,It's My Life,The Singles 1992-2003,1992,Alternative & Punk, Alternative, Alternative Pop,Mixed, Mixed Group,Urgent, Dark Pop
Shunsuke Kida,Penetrator,,,,,,,,,
 Shunsuke Kida ,06 - Phalanx,,,,,,,,,
Giles Palmer & Rupert Pope,Butterfly,,,,,,,,,
Аквариум,Город Золотой,,,,,,,,,
Velojet,I Follow My Heart,,,,,,,,,
OONA,Shout!,,,,,,,,,
Hans Zimmer,Main Theme [Rain Man],The Wings Of A Film: The Music Of Hans Zimmer,2001,Soundtrack, Original Film/TV Music, General Film Music,Male, Male,Romantic, Dramatic / Romantic
Ramona Falls,Melectric,,,,,,,,,
MØ,Don’t Wanna Dance,,,,,,,,,
Зеркальная Маска (Mirrormask) 2005 ,24. Iain Ballamy - Close To Yo  - (MirrorMask OST (2005),,,,,,,,,
Boy Kill Boy,Promises,Stars And The Sea,2008,Alternative & Punk, Indie Rock, Post-Punk Revival,Male, Male Group,Defiant, Heavy Brooding
Echosmith,Cool Kids,,,,,,,,,
The Constellations,Perfect Day,,,,,,,,,
Blind,Time Is Running Out,,,,,,,,,
8th,Black Sheep,,,,,,,,,
ProleteR,April Showers,,,,,,,,,
Michael Kiske & Amanda Somerville,Silence,,,,,,,,,
Sad Alice Said,Open Your Eyes,,,,,,,,,
Petr Elfimov,Eyes That Never Lie (Eurovision 2009 - Belarus),,,,,,,,,
Michael Kiske & Amanda Somerville,If I Had A Wish,,,,,,,,,
Revolution Renaissance,I Did It My Way (Lead Vocals Michael Kiske),,,,,,,,,
Michael Kiske & Amanda Somerville,End Of The Road,,,,,,,,,
Eicca Toppinen,Evil Ground,,,,,,,,,
Rave The Reqviem,The Svlphvry Void,,,,,,,,,
Marie Laforet,"Ivan, Boris et Moi",,,,,,,,,
Gotthard,"I Know, You Know",Need To Believe [Bonus Track],2009,Rock, Mainstream Rock, General Mainstream Rock,Male, Male Group,Defiant, Heavy Brooding
KT Tunstall,Saving My Face,Drastic Fantastic,2007,Pop, Western Pop, Adult Alternative Pop,Female, Female,Brooding, Dreamy Brooding
Marco Hietala,Reach (,,,,,,,,,
kasiopea,Take Me Home,,,,,,,,,
Мертвий Півень та Крихітка Цахес,Б'ютіфул Карпати,,,,,,,,,
Reamonn,Sometimes,Wish,2006,Rock, Adult Alternative Rock, Adult Alternative Rock,Male, Male Group,Urgent, Energetic Anxious
The Hardkiss,In﻿ Love,,,,,,,,,
The Hardkiss,Stones ,,,,,,,,,
The Hardkiss ,October,,,,,,,,,
Frank Sinatra,Killing Me Softly With Her Song,,,,,,,,,
Robbie Williams,H.E.S.,,,,,,,,,
Nick Cave and the Bad Seeds,We Came Along This Road,,,,,,,,,
Noel Gallagher's High Flying Birds,Let The Lord Shine A Light On Me,Noel Gallagher's High Flying Birds,2011,Alternative & Punk, Alternative, Alternative Pop,Male, Male Group,Brooding, Dreamy Brooding
John Williams,Музыка к кинофильму Список Шиндлера,,,,,,,,,
Darling Violetta,Smaller God,,,,,,,,,
Vivienne Mort,Я буду..,,,,,,,,,
"Vivienne Mort (Teatr PipinО, 2013)",Камінсорі ,,,,,,,,,
Vivienne Mort,Сліди маленьких рук,,,,,,,,,
Vivienne Mort,Лети,,,,,,,,,
Кому вниз ТГ, Ліра. Вишня Борія,,,,,,,,,
 DANCE WITH THE DEAD,Sunset ,,,,,,,,,
Dead Can Dance,In The Kingdom Of The Blind,The Serpent's Egg,1988,Alternative & Punk, Indie Rock, Dream Pop,Mixed, Mixed Duo,Romantic, Dramatic / Romantic
DANCE WITH THE DEAD ,Robeast ,,,,,,,,,
daKooka,coffee,,,,,,,,,
OK Go,Invincible,Oh No,2005,Alternative & Punk, Alternative, Alternative Pop,Male, Male Group,Defiant, Heavy Brooding
The Cinematic Orchestra,To Build A Home feat. Patrick Watson,,,,,,,,,
Metric,Sick Muse,Fantasies,2009,Alternative & Punk, Indie Rock, Post-Punk Revival,Mixed, Mixed Group,Brooding, Energetic Melancholy
The Cranberries,Conduct,Roses,2012,Rock, Adult Alternative Rock, Adult Alternative Rock,Mixed, Mixed Group,Brooding, Dreamy Brooding
Stone Temple Pilots,Interstate Love Song,Purple,1994,Alternative & Punk, Alternative, Alternative Rock,Male, Male Group,Excited, Happy Excitement
Wu-Tang Clan,One Blood Under W,The W,2000,Urban, Western Hip-Hop/Rap, East Coast Rap,Male, Male Group,Cool, Wary / Defiant
Slash,Paradise City (feat. Fergie & Cypress Hill),,,,,,,,,
Paradise Lost,Erased(Gothic Metal / Doom Metal),,,,,,,,,
Ennio Morricone,L'estasi Dell'oro (The Ecstasy Of Gold),,,,,,,,,
Yves Montand,Sous Le Ciel De Paris,Le Paris De ... Montand,1992,Pop, European Pop, Chanson,Male, Male,Sophisticated, Suave / Sultry
Electric Youth,The Best Thing,,,,,,,,,
Saltatio Mortis,Gott wurfelt nicht,,,,,,,,,
Hans Zimmer ,Day One Dark[OST Интерстеллар],,,,,,,,,
Strangeweather,Mourning Sun,,,,,,,,,
Би-2,Вечная призрачная встречная,,,,,,,,,
Би-2 и диана Арбенина,Из-за меня,,,,,,,,,
The Merlons Of Nehemiah,Angst,,,,,,,,,
Gasmac Gilmore,I Am God,,,,,,,,,
Omega,Gyöngyhajú Lány (The Girl With The Pearl`s Hair-1969),,,,,,,,,
Sabaton,40:1,,,,,,,,,
Gasmac Gilmore,Pitchblack,,,,,,,,,
L`ame Immortelle,Fallen Angel,,,,,,,,,
Би-2,Блюз 16+,,,,,,,,,
Iggy Pop,In The Death Car,Nude & Rude,1996,Alternative & Punk, Punk, Pre-Punk,Male, Male,Energizing, Arousing Groove
Apocalyptica feat Marta Jandova,En vie,,,,,,,,,
Nargiz Zakirova feat  The Ørphans,Alone,,,,,,,,,
Darren Korb feat. Ashley Barrett,Paper Boats,,,,,,,,,
Darren Korb & Ashley Barrett,The Spine (Transistor OST),,,,,,,,,
Slash,Anastasia,Apocalyptic Love (Featuring Myles Kennedy and The Conspirators),2012,Rock, Hard Rock, General Hard Rock,Male, Male,Urgent, Energetic Anxious
Meghan Trainor,All About That Bass,,,,,,,,,
Гудімов,Сумую,,,,,,,,,
AWOLNATION,Kill Your Heroes,Megalithic Symphony,2011,Alternative & Punk, Synth Pop, Synth Pop,Male, Male,Yearning, Sensitive / Exploring
Portugal. The Man,My Mind,Church Mouth,2007,Alternative & Punk, Indie Rock, General Indie Rock,Male, Male Group,Urgent, Dark Pop Intensity
 ScottDunbar,TinFoilHat,,,,,,,,,
Slash,Beautiful Dangerous,Slash,2010,Rock, Hard Rock, General Hard Rock,Mixed, Mixed Duo,Urgent, Energetic Anxious
Evanescence,Missing,Anywhere But Home [Live],2004,Rock, Metal, Gothic Metal,Mixed, Mixed Group,Empowering, Dramatic Emotion
Slash,Nothing to Say (feat. M.Shadows from Avenged Sevenfold),,,,,,,,,
Reamonn,Sometimes,Wish,2006,Rock, Adult Alternative Rock, Adult Alternative Rock,Male, Male Group,Urgent, Energetic Anxious
Johnny Cash,Hurt,American IV: The Man Comes Around,2002,Traditional, Classic Country, Outlaw Country,Male, Male,Gritty, Sober / Determined
Dolores O'Riordan,Ordinary Day,Are You Listening?,2007,Alternative & Punk, Alternative, Alternative Singer-Songwriter,Female, Female,Brooding, Dreamy Brooding
CATHEDRALS,In The Dark,,,,,,,,,
John Murphy,28 Theme,,,,,,,,,
Epica,Blank Infinity,Consign To Oblivion,2005,Rock, Metal, Progressive Metal,Mixed, Mixed Group,Urgent, Dark Pop
The Cranberries,Zombie,No Need To Argue,1994,Rock, Adult Alternative Rock, Adult Alternative Rock,Mixed, Mixed Group,Brooding, Evocative / Intriguing
Shelley Harland,Stay,,,,,,,,,
Dead Can Dance,The Ubiquitous Mr. Lovegrove,Into The Labyrinth,1993,Alternative & Punk, Indie Rock, Dream Pop,Mixed, Mixed Duo,Somber, Enigmatic / Mysterious
Harley Poe,That Time of the Month,,,,,,,,,
Jesus on Extasy,Stay with me,,,,,,,,,
Akira Yamaoka & Mary Elizabeth McGlynn,Waiting For You,,,,,,,,,
Delain,Control The Storm,,,,,,,,,
Delain,April Rain,,,,,,,,,
Icon For Hire,Make A Move,,,,,,,,,
Fit For Rivals,Crash,,,,,,,,,
ONE OK ROCK,Deeper Deeper,人生 x 僕=,2013,Rock, Japanese Rock, Japanese Rock,Male, Male Group,Urgent, Energetic Anxious
The Prodigy,Invaders Must Die,Invaders Must Die,2009,Electronica, Electronica Mainstream, Big Beat,Male, Male Group,Urgent, Energetic Anxious
Vladimir Cosma,"Les Comperes (OST ""Папаши"" (1983))",,,,,,,,,
Portugal. The Man,People Say,The Satanic Satanist,2009,Alternative & Punk, Indie Rock, General Indie Rock,Male, Male Group,Yearning, Sensitive / Exploring
Ludovico Einaudi,Experience,In A Time Lapse,2013,Classical, Classical Crossover, Classical Crossover Instrumental,Male, Male,Romantic, Dramatic / Romantic
Metallica,The Day That Never Comes,Death Magnetic,2008,Rock, Metal, Thrash Metal,Male, Male Group,Urgent, Energetic Anxious
Epica,Delirium,Requiem For The Indifferent [Bonus Track],2012,Rock, Metal, Progressive Metal,Mixed, Mixed Group,Romantic, Dramatic / Romantic
Epica,Our Destiny,Design Your Universe [Bonus Track],2009,Rock, Metal, Progressive Metal,Mixed, Mixed Group,Defiant, Heavy Brooding
Godsmack,Straight Out Of Line,Faceless,2003,Rock, Metal, Nu-Metal,Male, Male Group,Aggressive, Heavy Triumphant
My Darkest Days,Still Worth Fighting For,,,,,,,,,
Edguy,Dragonfly,Tinnitus Sanctus [Bonus Tracks] [Disc 1],2008,Rock, Metal, Power Metal,Male, Male Group,Defiant, Heavy Brooding
Darren Korb,The Spine (feat. Ashley Barrett) (Transistor OST),,,,,,,,,
Darren Korb,Paper Boats (feat. Ashley Barrett) (Transistor OST),,,,,,,,,
Akira Yamaoka,When You're Gone,,,,,,,,,
[Akira Yamaoka & Melissa Williamson,I Want Love (Silent Hill 3 OST)],,,,,,,,,
Akira Yamaoka & Melissa Williamson (Mary Elizabeth McGlynn) ,Hell Frozen Rain (Silent Hill Shattered Memories OST),,,,,,,,,
Katie Melua,The Flood,The House,2010,Pop, Western Pop, Adult Contemporary,Female, Female,Brooding, Dreamy Brooding
Алина Орлова,Летели облака (cover ДДТ),,,,,,,,,
ДДТ,Осенняя,,,,,,,,,
daKooka,someone and noone,,,,,,,,,
Eels,I Like Birds,Daisies Of The Galaxy,2000,Alternative & Punk, Indie Rock, General Indie Rock,Male, Male Group,Rowdy, Ramshackle / Rollicking
Slash,Bad Rain,Apocalyptic Love (Featuring Myles Kennedy and The Conspirators),2012,Rock, Hard Rock, General Hard Rock,Male, Male,Rowdy, Driving Dark Groove
Poets of the Fall,Roses,,,,,,,,,
Sunrise Avenue,Only,On The Way To Wonderland,2006,Alternative & Punk, Alternative, Alternative Rock,Male, Male Group,Defiant, Heavy Brooding
Wolfgang Amadeus Mozart,Requiem (Lacrymosa),,,,,,,,,
Poets Of The Fall,War,,,,,,,,,
Brainstorm,French Cartoon,,,,,,,,,
Tom Tykwer/Johnny Klimek/Reinhold Heil,"12. Temple Of Sacrifice (OST-HD: Облачный атлас / Cloud Atlas) (vk.com/OstHD)  музыка из фильма, музыка из трейлера, саундтрек, саундтрэк",,,,,,,,,
The Piano Guys,All Of Me,The Piano Guys 2,2013,Classical, Classical Crossover, Classical Crossover Instrumental,Male, Male Duo,Peaceful, Pastoral / Serene
 Two Door Cinema Club ,I Can Talk,,,,,,,,,
Kongos,I'm Only Joking,Lunatic,2014,Alternative & Punk, Alternative, Alternative Rock,Male, Male Group,Rowdy, Driving Dark Groove
System Of A Down,Kill Rock 'n Roll,Hypnotize,2005,Rock, Metal, Nu-Metal,Male, Male Group,Defiant, Hard Positive Excitement
Radiohead,Reckoner,In Rainbows [Disc 1],2007,Alternative & Punk, Indie Rock, Post-Modern Art Music,Male, Male Group,Yearning, Energetic Yearning
Metallica,Die Die My Darling,Garage Inc. [Disc 1],1998,Rock, Metal, Thrash Metal,Male, Male Group,Urgent, Dark Pop Intensity
Megadeth,Promises,The World Needs A Hero,2001,Rock, Metal, Speed Metal,Male, Male Group,Defiant, Heavy Brooding
My Chemical Romance,Famous Last Words,The Black Parade,2006,Alternative & Punk, Emo & Hardcore, Emo,Male, Male Group,Urgent, Energetic Anxious
Green Day,Holiday,American Idiot,2004,Alternative & Punk, Punk, Pop Punk,Male, Male Group,Defiant, Heavy Brooding
Semisonic,Closing Time,Feeling Strangely Fine,1998,Rock, Adult Alternative Rock, Adult Alternative Rock,Male, Male Group,Empowering, Powerful / Heroic
Blood Red Shoes,It's Getting Boring By The Sea (OST Скотт Пилигрим против всех),,,,,,,,,
The Clash At Demonhead,Black Sheep (OST Скотт Пилигрим против всех),,,,,,,,,
Glenn Morrison feat. Islov,Goodbye,,,,,,,,,
White Rabbits,Percussion Gun,It's Frightening,2010,Alternative & Punk, Indie Rock, General Indie Rock,Male, Male Group,Urgent, Energetic Anxious
Edvard Grig,In the Hall of the Mountain King,,,,,,,,,
Robert Wells,Chopin: Fantasie,Robert Wells,1994,Rock, 70's Rock, Classic Prog,Male, Male,Sentimental, Cool Melancholy
Blackstreet,I'm Sorry,Finally,1999,Urban, Contemporary R&B/Soul, Urban Crossover,Male, Male Group,Sensual, Intimate
Morrissey,Earth Is the Loneliest Planet,,,,,,,,,
Morrissey,Let Me Kiss You,You Are The Quarry,2004,Alternative & Punk, Indie Rock, Jangle Pop,Male, Male,Gritty, Strumming Yearning
Fuel,Cold Summer,Puppet Strings,2014,Alternative & Punk, Alternative, Alternative Rock,Male, Male Group,Defiant, Heavy Brooding
White Sea,Flash,,,,,,,,,
Koven,Another Home,,,,,,,,,
Ta-ku,Why,,,,,,,,,
The Glitch Mob,Animus Vox,,,,,,,,,
David Garrett,Who Wants to Live Forever,,,,,,,,,
Midnight Juggernauts,Ballad of the War Machine,,,,,,,,,
Benji Hughes,Waiting For An Invitation,,,,,,,,,
Xandria,Dreamkeeper,,,,,,,,,
Estetic Education,Vasil Vasiltsiv,,,,,,,,,
Bear Mountain,Two Step,Xo,2013,Alternative & Punk, Indie Rock, Indie Pop,Male, Male Duo,Defiant, Heavy Brooding
SomethingALaMode,Losing Game ,,,,,,,,,
Arctic Monkeys,Feels Like We Only Go Backwards (Tame Impala cover on Triple J 2014),,,,,,,,,
Three Days Grace,Someone Who Cares,Life Starts Now,2009,Alternative & Punk, Alternative, Alternative Rock,Male, Male Group,Defiant, Heavy Brooding
Muse,Take A Bow,Black Holes And Revelations,2006,Alternative & Punk, Alternative, Alternative Rock,Male, Male Group,Brooding, Dreamy Brooding
The Servant,Cells (instrumental),,,,,,,,,
Moddi,House By The Sea,,,,,,,,,
Scorpions,Tainted Love,Comeblack,2011,Rock, Hard Rock, General Hard Rock,Male, Male Group,Aggressive, Heavy Triumphant
Cypress Hill,Cock The Hammer,Black Sunday,1993,Urban, Western Hip-Hop/Rap, Old School Hip-Hop/Rap,Male, Male Group,Cool, Cool Confidence
Vanilla Sky,Too Late,,,,,,,,,
Delain,April Rain,,,,,,,,,
High School Musical Cast,Start Of Something New,High School Musical,2006,Soundtrack, Original Film/TV Music, Musical Film/TV Music,Mixed, Mixed Group,Empowering, Dramatic Emotion
God Is An Astronaut,From Dust to the Beyond,,,,,,,,,
Temples,The Golden Throne,,,,,,,,,
The Federal Ft. Rachael Kime,You Don't Want Me Around,,,,,,,,,
Three Days Grace,The High Road,Transit Of Venus,2012,Alternative & Punk, Alternative, Alternative Rock,Male, Male Group,Empowering, Powerful / Heroic
The Pretty Reckless,Fucked Up World,,,,,,,,,
The Pretty Reckless,Why'd You Bring A Shotgun to The Party,,,,,,,,,
Arctic Monkeys,Why'd You Only Call Me When You're High?,AM,2013,Alternative & Punk, Indie Rock, Post-Punk Revival,Male, Male Group,Rowdy, Driving Dark Groove
The Pretty Reckless,Absolution,,,,,,,,,
Tim Minchin,So Long (As We Are Together),,,,,,,,,
Tim Minchin,Rock 'N' Roll Nerd,,,,,,,,,
The Stranglers,Golden Brown,All Live and All of the Night,1988,Alternative & Punk, Indie Rock, Original Post-Punk,Male, Male Group,Cool, Dark Groovy
Cirque Du Soleil,Atmadja,Quidam,1997,Other, New Age, Adult Alternative New Age,Mixed, Mixed Group,Serious, Thrilling
Cirque Du Soleil,Rain One,Varekai,2003,Other, New Age, Adult Alternative New Age,Mixed, Mixed Group,Peaceful, Delicate / Tranquil
Cirque Du Soleil,Steel Dream,Quidam,1997,Other, New Age, Adult Alternative New Age,Mixed, Mixed Group,Brooding, Evocative / Intriguing
Andreas Vollenweider - Book Of Roses (1991),The Grand Ball Of The Duljas,,,,,,,,,
Andreas Vollenweider,Hirzel,,,,,,,,,
Quidam,Atmadja (Cirque Du Soleil) ,,,,,,,,,
Digital Emotion,"Get Up, Action (Do You Wanna Funk)",,,,,,,,,
PNAU,Embrace,,,,,,,,,
Pnau,Solid Ground,,,,,,,,,
Marina And The Diamonds,Electra Heart,,,,,,,,,
Rihanna,A Girl Like Me,A Girl Like Me,2006,Urban, Contemporary R&B/Soul, Urban Crossover,Female, Female,Sensual, Intimate
Julie London,Fly Me To The Moon,Julie Sings Love,1998,Pop, Classic Pop Vocals, Classic Female Vocal Pop,Female, Female,Upbeat, Happy / Soulful
VNV Nation,Illusion,Judgement,2007,Alternative & Punk, Synth Pop, Synth Pop,Male, Male Group,Brooding, Dreamy Brooding
Reamonn,Supergirl,Tuesday,2000,Rock, Adult Alternative Rock, Adult Alternative Rock,Male, Male Group,Brooding, Energetic Melancholy
U2,Ordinary Love,Ordinary Love,2013,Rock, Adult Alternative Rock, Adult Alternative Rock,Male, Male Group,Empowering, Dramatic Emotion
John Lennon,Imagine,Imagine,1971,Pop, Western Pop, Singer-Songwriter,Male, Male,Sentimental, Tender / Sincere
Panic! At The Disco,Nicotine,"Too Weird To Live, Too Rare To Die!",2013,Alternative & Punk, Punk, Pop Punk,Male, Male Group,Excited, Euphoric Energy
Tim Minchin,If You Really Loved Me,,,,,,,,,
Tim Minchin,Inflatable You,,,,,,,,,
THE HARDKISS,Tell Me Brother  ,,,,,,,,,
The Cinematic Orchestra,Arrival Of The Birds,The Crimson Wing: Mystery Of The Flamingos,2009,"Electronica; Downtempo, Lounge & Ambient; General Downtempo",Mixed, Mixed Group,Romantic, Dramatic / Romantic,,
Neil Young & Crazy Horse,Love To Burn,Ragged Glory,1990,Rock, 70's Rock, Classic Rock,Male, Male Group,Empowering, Powerful / Heroic
OK Go,Here It Goes Again,Oh No,2005,Alternative & Punk, Alternative, Alternative Pop,Male, Male Group,Urgent, Energetic Anxious
The Rasmus,Justify,Black Roses,2008,Alternative & Punk, Alternative, Alternative Rock,Male, Male Group,Brooding, Energetic Melancholy
Submotion Orchestra,Hard To Stay,,,,,,,,,
Joby Talbot,"Jonny Piano (OST ""Пенелопа"")",,,,,,,,,
Jonny Lang,Leaving To Stay,Wander This World,1998,Traditional, Electric Blues, Contemporary Blues,Male, Male,Empowering, Strong / Stable
Coldplay,Green Eyes,A Rush Of Blood To The Head,2002,Alternative & Punk, Brit Rock, Brit Rock,Male, Male Group,Empowering, Strong / Stable
Nickelback,Never Gonna Be Alone,Dark Horse,2008,Alternative & Punk, Alternative, Alternative Rock,Male, Male Group,Upbeat, Happy / Soulful
David Cook,Avalanche,David Cook,2008,Rock, Adult Alternative Rock, Adult Alternative Rock,Male, Male,Empowering, Powerful / Heroic
Birdy,Strange Birds,Fire Within,2013,Alternative & Punk, Alternative Folk, Alternative Folk,Female, Female,Sophisticated, Smoky / Romantic
Hypnogaja,Kill The Humans,,,,,,,,,
Empire Of The Sun,Old Flavours,Ice On The Dune,2013,Electronica, Electronica Mainstream, Pop Electronica,Male, Male Duo,Urgent, Dark Pop
Empire Of The Sun,Celebrate,Ice On The Dune,2013,Electronica, Electronica Mainstream, Pop Electronica,Male, Male Duo,Urgent, Dark Pop
Tim McMorris,Give Our Dreams Their Wings To Fly,,,,,,,,,
Dikta,Breaking The Waves,,,,,,,,,
Johnny Cash,One,American III: Solitary Man,2000,Traditional, Classic Country, Outlaw Country,Male, Male,Gritty, Strumming Yearning
Stone Sour,Through Glass,Come What(Ever) May,2006,Rock, Metal, Nu-Metal,Male, Male Group,Urgent, Energetic Anxious
John Brion,Change Your Heart,,,,,,,,,
Scorpions,Still Loving You,Love At First Sting,1984,Rock, Hard Rock, General Hard Rock,Male, Male Group,Brooding, Evocative / Intriguing
Louis Prima,"Sing, Sing, Sing (With A Swing)",At The Movies: Lights! Camera! Zooma! Zooma!,2010,Pop, Easy Listening, Lounge,Male, Male,Cool, Dark Groovy
The Sensational Alex Harvey Band,Give My Compliments To The Chef,Tomorrow Belongs To Me,1975,Rock, Hard Rock, Glam,Male, Male Group,Brooding, Evocative / Intriguing
Mandy Moore,Only Hope,The Best of Mandy Moore,2004,Pop, Western Pop, Teen Pop,Female, Female,Empowering, Dramatic Emotion
Keane,Higher Than The Sun,The Best Of Keane,2013,Alternative & Punk, Brit Rock, Brit Rock,Male, Male Group,Empowering, Dramatic Emotion
Pur:Pur,Me is,,,,,,,,,
Pur:Pur,Синяя Борода,,,,,,,,,
Pur:Pur,A Kiss,,,,,,,,,
Hypnogaja,Kill The Humans,,,,,,,,,
Adiemus - The Best Of Adiemus (1999),12.Cantus - Song Of Tears (Edit),,,,,,,,,
Сергей Бабкин ,"Возьми меня (""Сергевна"", 2013)",,,,,,,,,
Сергей Бабкин,Забери меня к себе ,,,,,,,,,
Мумий Тролль,Дельфины,,,,,,,,,
Arctic Monkeys,I Bet You Look Good On The Dancefloor,"Whatever People Say I Am, That's What I'm Not",2006,Alternative & Punk, Indie Rock, Post-Punk Revival,Male, Male Group,Defiant, Hard Dark Excitement
Sting,Until,,,,,,,,,
Groove Armada,Easy,Lovebox,2002,Electronica, Electronica Mainstream, Big Beat,Male, Male Duo,Excited, Euphoric Energy
Stabilo,Everybody,,,,,,,,,
AWOLNATION,Wake Up,Megalithic Symphony,2011,Alternative & Punk, Synth Pop, Synth Pop,Male, Male,Urgent, Dark Pop Intensity
Крихітка Цахес,Монета,,,,,,,,,
Ashram,Maria And The Violin's String,,,,,,,,,
Hellsing OST,The World Without Logos,,,,,,,,,
Armin van Buuren feat. Lauren Evans,Alone,,,,,,,,,
Poets of the Fall,Where Do We Draw the Line,,,,,,,,,
Guyz Nite,Die Hard,,,,,,,,,
Franz Ferdinand,Take Me Out,Franz Ferdinand,2004,Alternative & Punk, Indie Rock, Post-Punk Revival,Male, Male Group,Brooding, Alienated / Brooding
Two Steps﻿ From Hell,Strength Of A Thousand Men (Instrumental Core Remix)  ♥ vk.com/club_smakmusic ,,,,,,,,,
Tim McMorris,It's a Beautiful Day,,,,,,,,,
Something A La Mode,GString,,,,,,,,,
The BossHoss,Don't gimme that,,,,,,,,,
Bleach OST,Shiro Sagisu - Will of the heart,,,,,,,,,
Shiro Sagisu,never meant to belong(Bleach OST),,,,,,,,,
Chris Cornell,You Know My Name,Carry On,2007,Rock, Adult Alternative Rock, Adult Alternative Rock,Male, Male,Yearning, Energetic Yearning
FMLYBND,Electricity,,,,,,,,,
Agnes Obel,Just So,Philharmonics,2010,Alternative & Punk, Indie Rock, Chamber Pop,Female, Female,Sentimental, Tender / Sincere
Fallulah,Give Us A Little Love,The Black Cat Neighbourhood,2010,Alternative & Punk, Indie Rock, General Indie Rock,Female, Female,Sophisticated, Smoky / Romantic
Oasis,I'm Outta Time,Dig Out Your Soul,2008,Alternative & Punk, Brit Pop, Brit Pop,Male, Male Group,Brooding, Dreamy Brooding
Swedish House Mafia,Save The World / Punk (Arty Rock-N-Rolla Mix),Until Now,2012,Electronica, House, Progressive House,Male, Male Group,Brooding, Dreamy Brooding
Breaking Benjamin,The Diary Of Jane,Phobia,2006,Alternative & Punk, Alternative, Alternative Rock,Male, Male Group,Defiant, Heavy Brooding
My Chemical Romance,The Sharpest Lives,The Black Parade,2006,Alternative & Punk, Emo & Hardcore, Emo,Male, Male Group,Urgent, Energetic Anxious
Tim McMorris,Life is Beautiful,,,,,,,,,
Florence + The Machine,Heavy In Your Arms,Lungs: The B-Sides,2009,Alternative & Punk, Alternative, Alternative Singer-Songwriter,Mixed, Mixed Group,Brooding, Dreamy Brooding
How I Met Your Mother,Main theme,,,,,,,,,
Hinder,Bliss (I Don't Wanna Know),Extreme Behavior,2005,Alternative & Punk, Alternative, Alternative Rock,Male, Male Group,Empowering, Powerful / Heroic
take that & Robbie Williams,sos (Progress album 2010),,,,,,,,,
ThePianoGuys,The Cello Song (Bach Is Back),,,,,,,,,
Stateless,Bloodstream,,,,,,,,,
5nizza,Забери меня к себе,,,,,,,,,
The Piano Guys,Love Story (Taylor Swift) meets Viva la Vida (Coldplay),,,,,,,,,
Rival State,Sleep Talker,,,,,,,,,
Finger Eleven,Paralyzer,Them Vs. You Vs. Me,2007,Alternative & Punk, Alternative, Alternative Rock,Male, Male Group,Rowdy, Driving Dark Groove
Far East Movement,Like A G6,Free Wired,2010,Urban, Western Hip-Hop/Rap, General Hip-Hop/Rap,Male, Male Group,Defiant, Attitude / Defiant
Mother Mother ,Let's Fall In Love,,,,,,,,,
Mother Mother,Chasing It Down,,,,,,,,,
Aleah,Vapour (Mirco Niemeier Edit),,,,,,,,,
John Murphy,"Don Abandons Alice (OST ""28 дней спустя"")",,,,,,,,,
Lisa Miskovsky,Still Alive (Benny Benassi mix),Still Alive (The Theme From Mirror's Edge): The Remixes,2008,Pop, Western Pop, Adult Alternative Pop,Female, Female,Yearning, Energetic Yearning
Lisa Miskovsky,Still Alive (The Theme From Mirror's Edge),Still Alive (The Theme From Mirror's Edge): The Remixes,2008,Pop, Western Pop, Adult Alternative Pop,Female, Female,Yearning, Energetic Yearning
Злата Огневич,Зозуля,,,,,,,,,
Charles Aznavour,Une Vie D'amour,Mes Amours,2003,Pop, European Pop, Chanson,Male, Male,Sentimental, Lyrical Sentimental
Snow Patrol,The Lightning Strike (What If This Storm Ends?),Greatest Hits,2013,Alternative & Punk, Brit Rock, Brit Rock,Male, Male Group,Brooding, Dreamy Brooding
Reamonn,Sometimes,Wish,2006,Rock, Adult Alternative Rock, Adult Alternative Rock,Male, Male Group,Urgent, Energetic Anxious
Breaking Benjamin,The Diary Of Jane,Phobia,2006,Alternative & Punk, Alternative, Alternative Rock,Male, Male Group,Defiant, Heavy Brooding
Michael Bublé,Feeling Good,It's Time,2005,Pop, Classic Pop Vocals, Classic Male Vocal Pop,Male, Male,Brooding, Evocative / Intriguing
Buried In Verona,LionHeart,,,,,,,,,
Chevelle,The Fad,Vena Sera,2007,Rock, Metal, Nu-Metal,Male, Male Group,Defiant, Heavy Brooding
My Chemical Romance,The Jetset Life Is Gonna Kill You,Three Cheers For Sweet Revenge,2004,Alternative & Punk, Emo & Hardcore, Emo,Male, Male Group,Defiant, Heavy Brooding
Mark Knopfler & Emmylou Harris,Beyond My Wildest Dreams,All The Roadrunning,2006,Traditional, Country, Alternative Country,Mixed, Mixed Duo,Brooding, Dreamy Brooding
Story Of The Year,Until The Day I Die,Page Avenue,2003,Alternative & Punk, Emo & Hardcore, Hardcore,Male, Male Group,Rowdy, Driving Dark Groove
Takers feat.Chipper (Matinée Amnesia Ibiza 2012)," Alive (Original Mix) ★ EXCLUSIVE! for club5485048 ★ [track at ➨ 11.07.2012] - Progressive House, Electro Progressive",,,,,,,,,
Jean Elan Ft Cosmo Klein,Feel Alive,,,,,,,,,
Gin Wigmore,Kill Of The Night,Gravel & Wine,2011,Urban, Classic R&B/Soul, R&B/Soul,Female, Female,Rowdy, Confident / Tough
Blackmore's Night,Wish You Were Here,Shadow of The Moon,1997,Rock, 70's Rock, Neo-Prog Rock,Mixed, Mixed Group,Romantic, Dramatic / Romantic
"Віктор Павлік, Анжеліка Рудницька, Микола Трубач  ",Знайди мене,,,,,,,,,
I Hate Kate,Then You Kiss,,,,,,,,,
Bob Sinclar feat Sophie Ellis Bextor,Fuck With You (Fuzzy Hair Remix)(CUT) → vk.com/top_club_music,,,,,,,,,
The Cat Empire,Til The Ocean Takes Us All,So Many Nights,2007,Alternative & Punk, Alternative, Alternative Pop,Male, Male Group,Urgent, Dark Pop Intensity
Kid Cudi,Erase Me,Man On The Moon II: The Legend Of Mr. Rager [Edited Version],2010,Urban, Western Hip-Hop/Rap, Conscious Hip-Hop/Rap,Male, Male Duo,Cool, Cool Confidence
Snow Patrol,Called Out In The Dark,Fallen Empires,2011,Alternative & Punk, Brit Rock, Brit Rock,Male, Male Group,Excited, Upbeat Pop Groove
Calvin Harris , Sweet Nothing (feat. Florence Welch),,,,,,,,,
Armin Van Buuren Vs. Sophie Ellis Bextor,Not Giving Up On Love [Radio Version],Not Giving Up On Love [Single],2010,Electronica, Trance, Trance,Mixed, Mixed Duo,Excited, Upbeat Pop Groove
Jocelyn Pook,Loving Strangers,,,,,,,,,
John Holt,Darling I Need Your Loving,Can't Get You Off My Mind,2015,Other, Reggae, Classic Ska,Male, Male,Sensual, Dreamy Pulse
The Rapture,How Deep Is Your Love?,In The Grace Of Your Love,2011,Alternative & Punk, Indie Rock, Indie Pop,Male, Male Group,Urgent, Dark Pop Intensity
Esthetic Education ,Unbelievable,,,,,,,,,
Maybeshewill,He Films The Clouds Pt. 2,,,,,,,,,
Break My Fucking Sky,spacemode,,,,,,,,,
Break my fucking sky,Last Song,,,,,,,,,
Flipsyde,Someday,We The People,2005,Alternative & Punk, Alternative, Alternative Rock,Male, Male Group,Energizing, Edgy / Sexy
Poets of the Fall,Sleep,,,,,,,,,
The Cranberries,Will You Remember,To The Faithful Departed,1996,Rock, Adult Alternative Rock, Adult Alternative Rock,Mixed, Mixed Group,Sensual, Dreamy Pulse
The Beatles,Michelle,Rubber Soul,1965,Rock, 60's Rock, British Invasion,Male, Male Group,Melancholy, Sad / Soulful
Shocking Blue,Long And Lonesome Road,At Home,1969,Rock, 60's Rock, Acid Rock,Mixed, Mixed Group,Urgent, Dark Urgent
 Scott Dunbar,Tin Foil Hat,,,,,,,,,
The Temper Trap,Sweet Disposition,Conditions,2009,Alternative & Punk, Indie Rock, Post-Punk Revival,Male, Male Group,Brooding, Energetic Melancholy
Fallulah,Give Us A Little Love,The Black Cat Neighbourhood,2010,Alternative & Punk, Indie Rock, General Indie Rock,Female, Female,Sophisticated, Smoky / Romantic
"Тартак,Моторолла,Хвилю тримай",Якби всі люди взяли гітари,,,,,,,,,
The Elderberries,Bikini (Cyberpunkers Remix),,,,,,,,,
Моторолла,"Не дзвонила, не заходила",,,,,,,,,
God Help the Girl,Baby You’re Blind,,,,,,,,,
God Help The Girl,Funny Little Frog,,,,,,,,,
Marina & The Diamonds,Girls,The Family Jewels,2010,Alternative & Punk, Synth Pop, Synth Pop,Female, Female,Urgent, Dark Pop Intensity
Mushmellow,Hellen,,,,,,,,,
Теді Ведмеді,ZORELIT,,,,,,,,,
I Am Waiting For You Last Summer,Solar Wind,,,,,,,,,
Brainstorm,The Kitten Who Didn't Want to Give Up,,,,,,,,,
Modjo,Lady (Hear Me Tonight),Modjo (UK CD Set),2001,Electronica, House, Euro House,Male, Male Duo,Stirring, Jubilant / Soulful
Motorama,Alps,,,,,,,,,
The Pretty Reckless,You,,,,,,,,,
Motorama,Wind In Her Hair,,,,,,,,,
Imogen Heap,The Moment I Said It,Speak For Yourself,2005,Alternative & Punk, Alternative, Alternative Singer-Songwriter,Female, Female,Somber, Creepy / Ominous
Motorama,Ship,,,,,,,,,
Motorama,Empty Bed,,,,,,,,,
Cosmic Gate feat. Emma Hewitt,Not Enough Time (Radio Edit),,,,,,,,,
Emma Hewitt,These Days Are Ours,,,,,,,,,
DeeExpus,The King of Number 33 - Part 2 - Accession (2011),,,,,,,,,
Liam and Me,Say It Out Loud .,,,,,,,,,
Lюk,Сахалiн,,,,,,,,,
Lynsey De Paul,Sugar Me,,,,,,,,,
Paula Seling & Ovi,Playing With Fire ,,,,,,,,,
Michael Tolcher,Bad Habits,,,,,,,,,
Of Monsters And Men,Little Talks,My Head Is An Animal,2012,Alternative & Punk, Alternative Folk, Alternative Folk,Mixed, Mixed Group,Yearning, Energetic Yearning
Emma Hewitt,Colours (Album Version),,,,,,,,,
Beck,Everybody's Gotta Learn Sometimes,,,,,,,,,
lazlo bane,i'm no superman ,,,,,,,,,
The Sensational Alex Harvey Band,Give My Compliments To The Chef,Tomorrow Belongs To Me,1975,Rock, Hard Rock, Glam,Male, Male Group,Brooding, Evocative / Intriguing
Bruno Coulais,Sous La Pluie,Les Choristes,2004,Soundtrack, Original Film/TV Music, General Film Music,Male, Male,Sentimental, Lyrical Sentimental
Joss Stone,Super Duper Love (Are You Diggin' On Me?) Pt. 1,The Soul Sessions,2003,Pop, Western Pop, Adult Alternative Pop,Female, Female,Cool, Casual Groove
Chew Lips,Karen (Netsky Remix),,,,,,,,,
Kuroshitsuji OST,Si deus me relinquit,,,,,,,,,
I am waiting for you last summer,Unseen,,,,,,,,,
Vanilla Sky,Just dance,,,,,,,,,
Slash,Promise,Slash,2010,Rock, Hard Rock, General Hard Rock,Male, Male,Defiant, Heavy Brooding
ATB,My Everything,Future Memories [Disc 1],2009,Electronica, Trance, Trance,Male, Male,Yearning, Energetic Dreamy
The Kooks,Ooh La,Inside In/Inside Out,2006,Alternative & Punk, Indie Rock, Indie Pop,Male, Male Group,Urgent, Energetic Anxious
IAMX,Think Of England ,,,,,,,,,
IAMX,My Secret Friend (Feat. Imogen Heap),,,,,,,,,
IAMX,The Negative Sex,,,,,,,,,
Skye Edwards (ex-Morcheeba),Feel Good Inc. (Gorillaz cover),,,,,,,,,
Carly Comando,Everyday,,,,,,,,,
Poets of the Fall,Carnival of Rust [Карнавал Тлена],,,,,,,,,
安室奈美恵,arigatou <thank the world for LOVE... gift song for 2011>,Sit! Stay! Wait! Down! / Love Story,2011,Pop, Japanese Pop, J-Pop,Female, Female,Empowering, Dramatic Emotion
I Am Arrows,Green Grass,,,,,,,,,
White Apple Tree,Snowflakes,,,,,,,,,
'My First Hardcore Song' by 8 yr old Juliet OFFICIAL,Без названия,,,,,,,,,
The Kooks,Be Mine,Inside In/Inside Out,2006,Alternative & Punk, Indie Rock, Indie Pop,Male, Male Group,Defiant, Hard Positive Excitement
Two Door Cinema Club,What You Know (LightsoverLA Remix),,,,,,,,,
Mina Tindle,To Carry Many Small Things,,,,,,,,,
ramona falls,russia,,,,,,,,,
The Hardkiss,Babylon,,,,,,,,,
The HARDKISS,Dance With Me,,,,,,,,,
Michael Jackson,This Time Around,"HIStory: Past, Present And Future, Book 1 [Disc 2]",1995,Urban, Contemporary R&B/Soul, Urban Crossover,Male, Male Duo,Cool, Dark Groovy
Эдуард Артемьев,Финал  - Свой среди чужих,,,,,,,,,
Tango,El Tango de Roxanne (instr.),,,,,,,,,
Robbie Williams,The Road To Mandalay,Sing When You're Winning,2000,Pop, Western Pop, Adult Contemporary,Male, Male,Yearning, Energetic Dreamy
Sophie Ellis-Bextor,Murder On The Dancefloor,Read My Lips,2001,Pop, Western Pop, Dance Pop,Female, Female,Excited, Euphoric Energy
Sophie Ellis-Bextor,Off & On,Make a Scene,2011,Pop, Western Pop, Dance Pop,Female, Female,Energizing, Edgy / Sexy
ОЛА ОЛА ЛА ЛА))))!!!,Без названия,,,,,,,,,
Kasabian,Underdog,West Ryder Pauper Lunatic Asylum,2009,Alternative & Punk, Brit Rock, Brit Rock,Male, Male Group,Brooding, Energetic Melancholy
a-ha,"Butterfly, Butterfly (The Last Hurrah)",25 [Disc 2],2010,Alternative & Punk, New Wave Pop, New Wave Pop,Male, Male Group,Brooding, Energetic Melancholy
009 Sound System,Trinity,,,,,,,,,
NoraLasso feat Кузьма Скрябін,Веером,,,,,,,,,
Blind Guardian,The Bard's Song (The Hobbit) [New Recording 2011],Memories Of A Time To Come [Disc 2],2012,Rock, Metal, Power Metal,Male, Male Group,Aggressive, Aggressive Power
Океан Ельзы,Він чекає на неї,,,,,,,,,
Damien Rice,9 Crimes [Demo],9,2006,Alternative & Punk, Alternative, Alternative Singer-Songwriter,Male, Male,Melancholy, Light Melancholy
Audio Bullys,Only Man,Higher Than The Eiffel,2011,Electronica, Electronica Mainstream, Big Beat,Male, Male Duo,Energizing, Edgy / Sexy
Ida Corr Vs Fedde Le Grand,Let Me Think About It,,,,,,,,,
Влад Дарвин (Darwin) &amp, Alyosha (Алеша),Найкраща (Slow Version) (www.primemusic.ru),,,,,,,,
Kylie Minogue,In Your Eyes,Fever,2001,Pop, Western Pop, Dance Pop,Female, Female,Fiery, Fiery Groove
Моторолла,Моя вода,,,,,,,,,
МОТОРОЛЛА,Восьмим кольором,,,,,,,,,
Сплин,Прочь из моей головы,,,,,,,,,
Klaxons,Golden Skans,Myths Of The Near Future,2007,Alternative & Punk, Indie Rock, Indie Pop,Male, Male Group,Defiant, Heavy Brooding
Alanis Morissette,Crazy,The Collection,2005,Rock, Adult Alternative Rock, Adult Alternative Rock,Female, Female,Urgent, Dark Pop Intensity
the pierces,secret,,,,,,,,,
The Pierces,Sticks And Stones,,,,,,,,,
Иванов Александр,"Боже, Какой Пустяк сделать хоть раз что-нибудь не так, выкинуть хлам из дома и старых позвать друзей, но что-то всерьез менять, не побоясь в мелочах потерять, свободно только небо над головой моей",,,,,,,,,
Estetic Education,Machine,,,,,,,,,
Panic! At The Disco,Let's Kill Tonight,Vices & Virtues,2011,Alternative & Punk, Punk, Pop Punk,Male, Male Group,Aggressive, Heavy Triumphant
вв,танцІ ,,,,,,,,,
ВВ,Колискова,,,,,,,,,
ВВ,Вiдпустка,,,,,,,,,
Carrie Underwood,Cowboy Casanova,Play On,2009,Traditional, Country, Contemporary Country,Female, Female,Urgent, Dark Pop Intensity
The Cranberries,Wake Up And Smell The Coffee,Wake Up And Smell The Coffee,2001,Rock, Adult Alternative Rock, Adult Alternative Rock,Mixed, Mixed Group,Urgent, Energetic Anxious
Take That,Kidz,Progress,2010,Pop, Western Pop, Teen Boy Band,Male, Male Group,Urgent, Energetic Anxious
Arctic Monkeys,Old Yellow Bricks,Favourite Worst Nightmare,2007,Alternative & Punk, Indie Rock, Post-Punk Revival,Male, Male Group,Defiant, Heavy Brooding
OneRepublic,Everybody loves me (Guitar Hero 5 DLC) ,,,,,,,,,
Уматурман,Оранжевый плащ,,,,,,,,,
УмаТурман,"Я так ждала тебя, Вова",,,,,,,,,
Уматурман,В городе дождь,,,,,,,,,
♬Уматурман,Проститься,,,,,,,,,
Mr Lab,Anyway,,,,,,,,,
Method Man,Mr. Sandman,Tical,1994,Urban, Western Hip-Hop/Rap, East Coast Rap,Mixed, Mixed Group,Defiant, Attitude / Defiant
pomplamoose,gatekeeper (feist),,,,,,,,,
Pomplamoose,Telephone,,,,,,,,,
Season Of Hope,Autumn,,,,,,,,,
2nd Season,Intro (The Pirate Stuff)(home demo),,,,,,,,,
Sergey Nosta - Top 5 Chart [December`10], Places 2,,,,,,,,,
sunshine,top! top! the radio!,,,,,,,,,
Меладзе,Спрячем слезы,,,,,,,,,
Валерий Меладзе,Самба белого мотылька,,,,,,,,,
Валерий Меладзе,Се ля ви,,,,,,,,,
Archive,You Make Me Feel(OST GossipGirl),,,,,,,,,
Armin Van Buuren,Mirage,Mirage,2010,Electronica, Trance, Trance,Male, Male,Excited, Euphoric Energy
Armin Van Buuren Feat. Christian Burns,This Light Between Us,,,,,,,,,
Scars On Broadway,Serious \\ I'm just lookin' for a new romance,,,,,,,,,
Oren Lavie,Her morning elegance,,,,,,,,,
John O'Callaghan & Kelly Holiday,Take It All Dogma Away,,,,,,,,,
Kansas,Carry On My Wayward Son,Playlist: The Very Best Of Kansas,2008,Rock, 70's Rock, Classic Rock,Male, Male Group,Empowering, Powerful / Heroic
Скрябін,Квінти,,,,,,,,,
Cat Stevens,Where Do The Children Play?,Tea For The Tillerman,1970,Pop, Western Pop, Folk Pop,Male, Male,Sentimental, Gentle Bittersweet
Ryan Star,Brand New Day(саундтрек сериала Теория лжы),,,,,,,,,
Carter Burwell,The Lion Fell In Love With The Lamb,Twilight [The Score],2008,Soundtrack, Original Film/TV Music, General Film Music,Male, Male,Melancholy, Wistful / Forlorn
Kazantip,2010,,,,,,,,,
Plumb,Cut [OST The Vampire Diaries],,,,,,,,,
Саундтрек з Роккі-3 ,Eye of tiger!,,,,,,,,,
Armin van Buuren,Serenity @ SENSATION WHITE 2005 - on piano ,,,,,,,,,
Armin Van Buuren,Serenity (Sensation White Theme 2005) (feat. Jan Vayn),,,,,,,,,
 Within Temptation - (The Vampire Diaries 19 серия/танец Елены и Дэймона),All I Need  ,,,,,,,,,
My Chemical Romance,This Is How I Disappear,The Black Parade,2006,Alternative & Punk, Emo & Hardcore, Emo,Male, Male Group,Defiant, Heavy Brooding
Shaun Baker Feat. Maloy,Give (Michael Mind Radio Version) *_BBS_*,,,,,,,,,
Jon Sortland,Shelf Life Theme,,,,,,,,,
Kings Of Convenience,Misread,Riot On An Empty Street,2004,Alternative & Punk, Alternative, Alternative Singer-Songwriter,Male, Male Duo,Fiery, Passionate Rhythm
Kings Of Convenience,I'd Rather Dance With You,Riot On An Empty Street,2004,Alternative & Punk, Alternative, Alternative Singer-Songwriter,Male, Male Duo,Gritty, Strumming Yearning
Kings Of Convenience,Boat Behind,Declaration Of Dependence,2009,Alternative & Punk, Alternative, Alternative Singer-Songwriter,Male, Male Duo,Gritty, Sober / Determined
† ♪♫.ιllιlιι  • Flёur †,Формалин • ,,,,,,,,,
 Yumi Kimura,Itsumo Nando Demo (Always With Me) [OST Spirited Away],,,,,,,,,
OST Spirited Away,Day Of The River,,,,,,,,,
Joe Hisaishi,(OST Spirited away) The Sixth Station,,,,,,,,,
Spirited Away OST,05 - Ryuu no Shounen (The Dragon Boy),,,,,,,,,
Океан Ельзи ,Надя ,,,,,,,,,
Joe Hisaishi,Merry-Go-Round [Howl’s Moving Castle],,,,,,,,,
David Usher,Black Black Heart,Morning Orbit,2001,Rock, Adult Alternative Rock, Adult Alternative Rock,Male, Male,Melancholy, Sad / Soulful
Fall Out Boy,"Dance, Dance",From Under The Cork Tree,2005,Alternative & Punk, Emo & Hardcore, Emo,Male, Male Group,Defiant, Hard Dark Excitement
Unkle Bob,Swans,,,,,,,,,
Villeneuve,Tomorrow Never ,,,,,,,,,
Vanessa-Mae,Toccata & Fugue In D Minor,The Violin Player,1995,Classical, Classical Crossover, Classical Crossover Instrumental,Female, Female,Somber, Enigmatic / Mysterious
Marcelo Zarvos ,"Summer (OST ""Remember me"")",,,,,,,,,
ALyosha ,Sweet People ( НОВАЯ песня на Eurovision 2010 Ukraine),,,,,,,,,
Linda Perry & Grace Slick,Knock Me Out ,,,,,,,,,
ALyosha (украина),To Be Free ,,,,,,,,,
Robbie Williams,Bodies,Reality Killed The Video Star,2009,Pop, Western Pop, Adult Contemporary,Male, Male,Yearning, Energetic Yearning
Земфира,Мачо,,,,,,,,,
Земфира,Мы разбиваемся ,,,,,,,,,
Святослав Вакарчук,Колискова ,,,,,,,,,
Святослав Вакарчук,Чайка,,,,,,,,,
Друга Ріка,Космоzоо,,,,,,,,,
Jay-z feat Alicia Keys ,Empire state of mind (New York) ost Sex and the city 2,,,,,,,,,
Massive Attack,Splitting The Atom,Heligoland,2010,"Electronica; Downtempo, Lounge & Ambient; Trip Hop",Male, Male Group,Brooding, Dreamy Brooding,,
Franz Ferdinand,Ulysses,Tonight: Franz Ferdinand,2009,Alternative & Punk, Indie Rock, Post-Punk Revival,Male, Male Group,Rowdy, Driving Dark Groove
Kaiser Chiefs,Ruby,"Yours Truly, Angry Mob",2007,Alternative & Punk, Indie Rock, General Indie Rock,Male, Male Group,Empowering, Powerful / Heroic
dj Топольский - Без тебя.mp3, Без тебя,,,,,,,,,
David Guetta & Estelle & P@X@Tu*HCK*uu,One Love (2009),,,,,,,,,
ТІК,Листопад. ... а я собі пригадую... тебе))),,,,,,,,,
Паша Чехов,О любви,,,,,,,,,
Reamonn,Tonight,Wish,2006,Rock, Adult Alternative Rock, Adult Alternative Rock,Male, Male Group,Gritty, Strumming Yearning
Dash Berlin feat. Emma Hewitt,Waiting,,,,,,,,,
Паша Чехов,В порту,,,,,,,,,
Jem,They,Finally Woken,2004,Pop, Western Pop, Adult Alternative Pop,Female, Female,Sensual, Intimate
Jem,Falling For You,Finally Woken,2004,Pop, Western Pop, Adult Alternative Pop,Female, Female,Brooding, Dreamy Brooding
Yann Tiersen,La Chute,Le Phare,1998,Soundtrack, Original Film/TV Music, General Film Music,Male, Male,Peaceful, Quiet / Introspective
"Eric Serra feat, Lucia Di Lammrmor","The Diva Dance from ""The fifth element""",,,,,,,,,
Бумбокс,Поліна,,,,,,,,,
Groove Addicts,Ashes To Ashes (музыка из второго трейлера к Новолунию),,,,,,,,,
Lafee,Tell Me Why,,,,,,,,,
Lama,Я не та,,,,,,,,,
Grant Geissman,Theme From Two And A Half Men,Say That!,2006,Jazz, Smooth Jazz, Smooth Jazz Instrumental,Male, Male,Easygoing, Friendly
Serj Tankian,Sky Is Over,Elect The Dead,2007,Rock, Metal, Nu-Metal,Male, Male,Brooding, Energetic Melancholy
Coldplaу-Viva_la_Vida_Grant39s_Uplifting_Club_Mix.mp3,Без назви,,,,,,,,,
Невiдомий,Без назви,,,,,,,,,
Sunrise Avenue,Fairytale Gone Bad,On The Way To Wonderland,2006,Alternative & Punk, Alternative, Alternative Rock,Male, Male Group,Urgent, Energetic Anxious
Robbie Williams,Feel,Escapology,2002,Pop, Western Pop, Adult Contemporary,Male, Male,Gritty, Strumming Yearning
System Of A Down,Dreaming,Hypnotize,2005,Rock, Metal, Nu-Metal,Male, Male Group,Defiant, Heavy Brooding
