456239164,Karen O.,The Moon Song (OST Her),,,,,,,,,
456239163,Egor Grushin,New Theme (2013),,,,,,,,,
456239156,Один в каное,Пообіцяй мені,,,,,,,,,
456239154,The Pretty Reckless,Kill Me,,,,,,,,,
456239150,Singleton,Breathe In Breathe Out,,,,,,,,,
456239148,M83 ,Go! (feat. Mai Lan),,,,,,,,,
456239147,Ingrid Michaelson,Die Alone,Girls And Boys,2006,Pop, Western Pop, Adult Alternative Pop,Female, Female,Yearning, Sensitive / Exploring
456239145,Whitey,People,,,,,,,,,
456239144,Fool's Garden,Reason,,,,,,,,,
456239142,Panivalkova,Крейзі Нікіта,,,,,,,,,
456239138,Egor Grushin,Essential,,,,,,,,,
456239136,Esthetic Education,Crucify,,,,,,,,,
456239135,Egor Grushin,Kaisermarsch,,,,,,,,,
456239134,Egor Grushin,Beginning,,,,,,,,,
456239133,KRUT,I Wanna Fly,,,,,,,,,
456239132,Варвара Визбор,Мюнхгаузен,,,,,,,,,
456239129,Twenty One Pilots,Heathens,,,,,,,,,
456239128,Stateless,Bloodstream,,,,,,,,,
456239119,Snow Patrol,The Weight Of Love,Fallen Empires,2011,Alternative & Punk, Brit Rock, Brit Rock,Male, Male Group,Brooding, Alienated / Brooding
456239117,Rich Aucoin,Brian Wilson is A.L.i.V.E. (All Living Instantly Vanquish Everything),,,,,,,,,
456239114,Low Roar,I'll Keep Coming,,,,,,,,,
456239111,The Puppini Sisters,Wuthering Heights,Betcha Bottom Dollar,2006,Jazz, Jazz Vocals, Jazz Vocals,Female, Female Group,Sophisticated, Suave / Sultry
456239110,The Material,Life Vest,,,,,,,,,
456239109,Nerina Pallot,Someday Soon,Dear Frustrated Superstar,2001,Pop, Western Pop, Adult Alternative Pop,Female, Female,Empowering, Dramatic Emotion
456239102,Ruelle,Live Like Legends,,,,,,,,,
456239101,Ruelle,Until We Go Down [OST Он - Дракон],,,,,,,,,
456239099,Thomas Lemmer,Is It Too Late feat. Lena Belgart (Classic Piano Mix),,,,,,,,,
456239098,francesca michielin,nessun grado di separazione,,,,,,,,,
456239095,Samra,Miracle(Евровидение 2016 Азербайджан),,,,,,,,,
456239091,Coldplay,Up&Up,,,,,,,,,
456239086,Rafferty.,Apple Pie. ,,,,,,,,,
456239082,Stanislav Artemyev,Time,,,,,,,,,
456239078,Doom_4_Soundtrack,The_New_E1M1_At_Dooms_Gate_Cover_remix_FanMade,,,,,,,,,
456239075,Woodkid,The Deer ,,,,,,,,,
456239068,8mm,Angel,,,,,,,,,
456239065,Ramona Falls,Spore,,,,,,,,,
456239063,Paul Halley,Winter,,,,,,,,,
456239057,Тартак,Дрг І Врг,,,,,,,,,
456239056,Тартак,Мене Вже Немає,,,,,,,,,
456239055,Julie Thompson with Dragon & Jontron,Loved (Radio Edit),,,,,,,,,
456239053,Nevermind The Name,On Horus Wings,,,,,,,,,
456239051,Erlend Øye,La Prima Estate,,,,,,,,,
456239049,Heidevolk,Deemstering,,,,,,,,,
456239048,Carpenter Brut,Le Perv,,,,,,,,,
456239047,Carpenter Brut,Escape From Midwich Valley,,,,,,,,,
456239045,Henry Mancini,Moon River,Breakfast At Tiffany's (Music From The Motion Picture Score),1961,Pop, Easy Listening, Other Easy Listening,Male, Male,Romantic, Dramatic / Romantic
456239042,Камиль Сен-Санс,Пляска смерти,,,,,,,,,
456239041,April March,Chick Habit,,,,,,,,,
456239035,Caravan Palace,Violente valse,,,,,,,,,
456239034,Caravan Palace,Dragons,,,,,,,,,
456239033,Caro Emerald,The Wonderful In You,The Shocking Miss Emerald,2013,Jazz, Jazz Vocals, Jazz Vocals,Female, Female,Easygoing, Friendly
456239032,Caravan Palace,Aftermath,,,,,,,,,
456239026,she & him,why do you let me stay here?,,,,,,,,,
456239025,Dita Von Teese feat.  Monarchy ,Disintegration,,,,,,,,,
456239024,The Velvet Underground,Louise,Squeeze,1972,Alternative & Punk, New Wave Rock, New Wave Rock,Mixed, Mixed Group,Cool, Dark Groovy
456239023,Iyeoka, Simply Falling ,,,,,,,,,
456239022,Palast Orchester & Max Raabe,Original Charleston,,,,,,,,,
456239021,Мария Чайковская,Не треба,,,,,,,,,
456239020,Марія Чайковська,Розкажи,,,,,,,,,
456239019,Крихітка,Без Імені,,,,,,,,,
456239018,Carpenter Brut,Turbo Killer,,,,,,,,,
456239017,La Femme,Télégraphe,,,,,,,,,
443985873,Metric,Soft Rock Star,Grow Up and Blow Away,2007,Alternative & Punk, Indie Rock, Post-Punk Revival,Mixed, Mixed Group,Excited, Upbeat Pop Groove
443980448,Amanda Palmer,Astronaut,,,,,,,,,
443450694,Hedged,Every Time I Call,,,,,,,,,
440844110,Tim Minchin,Some People Have It Worse Than Me,,,,,,,,,
438001522,монеточка,Ржаной Сухарь,,,,,,,,,
435603463,Akira Yamaoka feat Mary Elizabeth McGlynn,One More Soul to the Call,,,,,,,,,
435569630,Monarchy,Living Without You,,,,,,,,,
435425140,Георг Фридрих Гендель,Сарабанда (Сюита №11),,,,,,,,,
433697977,Laura Marling,My Manic And I,"Alas, I Cannot Swim",2008,Alternative & Punk, Alternative Folk, Alternative Folk,Female, Female,Sophisticated, Smoky / Romantic
432650002,Parov Stelar,Booty Swing (Original),,,,,,,,,
432602349,Parov Stellar,Catgroove,,,,,,,,,
432591699,Jody Grind,We've Had It,,,,,,,,,
432517617,Caravan Palace,Lone Digger,,,,,,,,,
431790277,Tarja Turunen,In The Picture,,,,,,,,,
431789887,Macklemore & Ryan﻿ Lewis  ,Thrift Shop (Violin Cover),,,,,,,,,
431789708,Bruce Dickinson,Abduction,Tyranny Of Souls,2005,Rock, Metal, Classic British Metal,Male, Male,Defiant, Hard Dark Excitement
431789542,Hans Zimmer,"503 (OST ""Ангелы и демоны"" (2009)) [Hans Zimmer]",,,,,,,,,
431724224,Alice Francis,Shoot Him Down (Parov Stelar Radio Version),,,,,,,,,
431719462,Caravan Palace,Jolie Coquine,,,,,,,,,
431369393,Barbara Rosene with Vince Giordano and His Nighthawks,Lovable and Sweet,,,,,,,,,
431076637,Один в каное,Демони,,,,,,,,,
430939293,Swingrowers,That's Right,,,,,,,,,
430617655,Tarja Turunen,Mystique Voyage,,,,,,,,,
430376085,Die Form,Cantique,,,,,,,,,
429459792,Verticals,So Long,,,,,,,,,
429447048,Серце Дженіфер,Намалю'you (...місяць і сонце...),,,,,,,,,
428751982,Maria Bekas & Soul,Once In The Street (Nino Katamadze cover),,,,,,,,,
428750491,Maria Bekas & Taras Nikolsky (TRUEMAN),"""Gatekeeper"" live (Feist cover)",,,,,,,,,
428693587,Tarja Turunen,Never Enough,,,,,,,,,
428510526,Radiohead,Let Down,OK Computer,1997,Alternative & Punk, Brit Rock, Brit Rock,Male, Male Group,Yearning, Energetic Dreamy
427975967,Chaos Chaos,Do You Feel It?,,,,,,,,,
427691716,The Kooks,Down,Listen,2014,Alternative & Punk, Indie Rock, Indie Pop,Male, Male Group,Cool, Wary / Defiant
427085610,Corde Oblique,Cantastorie,,,,,,,,,
426321071,Of Monsters And Men,Thousand Eyes,Beneath The Skin [Deluxe Release],2015,Alternative & Punk, Alternative Folk, Alternative Folk,Mixed, Mixed Group,Somber, Enigmatic / Mysterious
425702571,The Radio Dept.,Strange Things Will Happen,Lesser Matters,2004,Alternative & Punk, Indie Rock, Dream Pop,Male, Male Group,Romantic, Heartfelt Passion
425243254,O. Children,Ruins,,,,,,,,,
425073146,Nik Page feat. Luminor,Voices From Outer Space,,,,,,,,,
424472575,The Night VI ,Heroine,,,,,,,,,
424458901,Kaleida,Think,,,,,,,,,
423494427,Low,Step,The Great Destroyer,2005,Alternative & Punk, Indie Rock, Slowcore,Mixed, Mixed Group,Brooding, Alienated / Brooding
421344736,The Poppy Family,There's No Blood in Bone,,,,,,,,,
420190821,Parov Stelar,Hurt,,,,,,,,,
419631257,Kila,Dusty Wine Bottle,,,,,,,,,
419616418,Valravn,Kroppar,,,,,,,,,
419608365,Karpatt,Des Idées,,,,,,,,,
417977485,Manowar,Warriors Of The World United,Warriors Of The World,2002,Rock, Metal, Power Metal,Male, Male Group,Aggressive, Aggressive Power
417705907,Katzenjammer,Lady Marlene,A Kiss Before You Go,2011,Alternative & Punk, Indie Rock, Indie Pop,Female, Female Group,Melancholy, Wistful / Forlorn
417705900,Сeltic fantasy,Fairy Dance,,,,,,,,,
414966677,Nerf Herder,Buffy the Vampire Slayer Theme,,,,,,,,,
414952768,Madonna (2015),Ghosttown ,,,,,,,,,
414567787,Helloween,Stay Crazy,My God-Given Right,2015,Rock, Metal, Power Metal,Male, Male Group,Defiant, Heavy Brooding
412574665,Raydar,Full Moon,,,,,,,,,
411808980,Powerwolf,St. Satan's Day,,,,,,,,,
410625158,"Moa Pillar & Save, She",Passage-Boat,,,,,,,,,
410107241,Genitorturers,Kabangin' All Night,,,,,,,,,
408698327,Metallica,The Day That Never Comes,Death Magnetic,2008,Rock, Metal, Thrash Metal,Male, Male Group,Urgent, Energetic Anxious
408415423,Tim Minchin,Confessions,,,,,,,,,
408407866,Tim Minchin,Not Perfect,,,,,,,,,
402910097,Meg Myers,A Bolt From the Blue,,,,,,,,,
402596312,Muse,Starlight,Black Holes And Revelations,2006,Alternative & Punk, Alternative, Alternative Rock,Male, Male Group,Defiant, Heavy Brooding
402588376,Muse,New Born,Origin Of Symmetry,2001,Alternative & Punk, Alternative, Alternative Rock,Male, Male Group,Brooding, Alienated / Brooding
400411047,Tim Minchin,Canvas Bags,,,,,,,,,
399990386,Tim Minchin,Dark Side,,,,,,,,,
399962190,Tim Minchin,Fat Children,,,,,,,,,
399959269,Tim Minchin,Ten Foot Cock And A Few Hundred Virgins,,,,,,,,,
399958221,Tim Minchin,The Good Book,,,,,,,,,
399955568,Tim Minchin,Prejudice,,,,,,,,,
399611759,Hot as sun,"Mother, I`m alive",,,,,,,,,
395987519,isaac shepard,sprinkle to rain,,,,,,,,,
395300829,Fabrizio Paterlini,Veloma,,,,,,,,,
394047446,Hotel FM,Change,,,,,,,,,
393215675,Stanislav Artemyev,Manifestation,,,,,,,,,
393177486,Stanislav Artemyev,Gust (orchestral),,,,,,,,,
393175421,Stanislav Artemyev,Gust (instrumental),,,,,,,,,
393063154,Apocalyptica,Faraway,Reflections,2003,Rock, Metal, Progressive Metal,Male, Male Group,Romantic, Dramatic / Romantic
391828382,Portishead,Elysium,Portishead,1997,"Electronica; Downtempo, Lounge & Ambient; Trip Hop",Mixed, Mixed Group,Urgent, Energetic Anxious,,
391760278,Adaline,Heartache,,,,,,,,,
390637627,Music Renascence,The System,,,,,,,,,
390389299,ATB,Missing,,,,,,,,,
389225487,Music Renascence,What is real,,,,,,,,,
388013037,Aminata Savadogo,Love Injected (Латвия),,,,,,,,,
388002356,Paramore,The Only Exception,Brand New Eyes,2009,Alternative & Punk, Alternative, Alternative Rock,Mixed, Mixed Group,Empowering, Dramatic Emotion
386479824,Ilya Beshevli,Night Forest,,,,,,,,,
380743679,Belasco,Chloroform,,,,,,,,,
380292470,Akira Yamaoka,Shot Down In Flames (feat.Mary Elizabeth McGlynn),,,,,,,,,
380287413,VAST,Turquoise,,,,,,,,,
379720027,Hybrid,The Formula Of Fear,,,,,,,,,
379594105,Hybrid, Disappear Here,,,,,,,,,
375840402,iamamiwhoami,Shadowshow,,,,,,,,,
375370981, EXGF ,We Are The Hearts,,,,,,,,,
375137308,The Pretty Reckless,You Make Me Wanna Die,,,,,,,,,
374516826,Neil Patrick Harris [Dr. Horrible's Sing-Along Blog],A Brand New Day (зловещая песня),,,,,,,,,
374518303,Dr. Horrible's Sing-Along Blog,Slipping,,,,,,,,,
374515523,Dr. Horrible's Sing-Along Blog,Everything You Ever,,,,,,,,,
373293053,Two Door Cinema Club,Sun,,,,,,,,,
372588201,Vivienne Mort,ГГПТКН,,,,,,,,,
372574980,I Monster,Daydream In Blue,,,,,,,,,
372347361,Eels,Flyswatter,Daisies Of The Galaxy,2000,Alternative & Punk, Indie Rock, General Indie Rock,Male, Male Group,Cool, Wary / Defiant
372003755,Journey ,Separate Ways (Worlds Apart),,,,,,,,,
371119058,Temples,The Guesser,,,,,,,,,
370866844,Ольга Арефьева и Ковчег,А и Б ,,,,,,,,,
370824528,Agnes Obel,Riverside,Philharmonics,2010,Alternative & Punk, Indie Rock, Chamber Pop,Female, Female,Melancholy, Wistful / Forlorn
370687398,Elina Born ja Stig Rästa,Goodbye to Yesterday,,,,,,,,,
369826303, Marcin Przybyłowicz,Hunt or Be Hunted (The Witcher 3: Wild Hunt OST),,,,,,,,,
369427667,The Witcher 3: Wild Hunt OST,Sword of Destiny (by Marcin Przybyłowicz & Percival),,,,,,,,,
369201181,Tom Holkenborg aka Junkie XL,Brothers In Arms (Extended Version) (Mad Max: Fury Road OST),,,,,,,,,
368158745,Lorde,Tennis Court,Pure Heroine,2013,Alternative & Punk, Synth Pop, Synth Pop,Female, Female,Cool, Wary / Defiant
367198897,the daydream club,soundwaves of gold,,,,,,,,,
366446166,The Weepies,Fancy Things,Sirens,2015,Alternative & Punk, Alternative Folk, Alternative Folk,Mixed, Mixed Duo,Gritty, Gritty / Soulful
366177758,The Exies,Stray,A Modern Way Of Living With The Truth,2007,Alternative & Punk, Alternative, Alternative Rock,Male, Male Group,Defiant, Hard Positive Excitement
364994186,Take That,Rule The World,Beautiful World,2006,Pop, Western Pop, Teen Boy Band,Male, Male Group,Yearning, Energetic Yearning
364662053,Sophie Hunger,Shape,,,,,,,,,
364606536,Крихітка Цахес,Щось на зразок,,,,,,,,,
363773842,Emilie Autumn,Opheliac,,,,,,,,,
363769167,Emilie Autumn,Juliet,,,,,,,,,
361116288,Hurts,Miracle,Exile,2013,Pop, Western Pop, Adult Alternative Pop,Male, Male Duo,Yearning, Energetic Yearning
361073713,VNV Nation,Illusion,Judgement,2007,Alternative & Punk, Synth Pop, Synth Pop,Male, Male Group,Brooding, Dreamy Brooding
360477706,Emilie Autumn,Liar (Machine Mix by Dope Stars INC.),,,,,,,,,
360356410,Emilie Autumn,Let The Record Show,,,,,,,,,
357450323,The Exies,This Is The Sound,A Modern Way Of Living With The Truth,2007,Alternative & Punk, Alternative, Alternative Rock,Male, Male Group,Urgent, Energetic Anxious
353252149,iday,return the love,,,,,,,,,
353245637,Ramona Falls,Fingerhold,,,,,,,,,
353244057,::: Ramona Falls,I Say Fever,,,,,,,,,
351186959,Anberlin,The Runaways,Never Take Friendship Personal,2005,Alternative & Punk, Alternative, Alternative Rock,Male, Male Group,Defiant, Heavy Brooding
350893176,First Aid Kit,Winter Is All Over You,,,,,,,,,
350132857,Axel Rudi Pell,Long Way To Go,,,,,,,,,
347349407,Armin Van Buuren ft. Sharon Den Adel,In And Out Of Love,,,,,,,,,
346761208,Ingrid Michaelson,Time Machine,Lights Out,2014,Pop, Western Pop, Adult Alternative Pop,Female, Female,Urgent, Energetic Anxious
344868698,Stereophonics,In A Moment,Graffiti On The Train,2013,Alternative & Punk, Brit Rock, Brit Rock,Male, Male Group,Rowdy, Confident / Tough
343103339,Друга Ріка (РЕКОРДИ),Сам собі острів,,,,,,,,,
342901495,Один в каное,Небо,,,,,,,,,
342527643,Один в каное,Дерево,,,,,,,,,
341311816,Один в каное,Човен,,,,,,,,,
340990686,AtmAsfera ,Fly away (Internal),,,,,,,,,
340968647,The Maneken ,Sunbeam Girl ,,,,,,,,,
340808545,Один в каное,Лю,,,,,,,,,
340808093,The Maneken,Magic Of The Moment,,,,,,,,,
340807669,ПЛЕСО,Іди До Людей,,,,,,,,,
339098499,Shunsuke Kida,Penetrator,,,,,,,,,
339095472, Shunsuke Kida ,06 - Phalanx,,,,,,,,,
338921982,Giles Palmer & Rupert Pope,Butterfly,,,,,,,,,
338914381,Аквариум,Город Золотой,,,,,,,,,
337715161,Velojet,I Follow My Heart,,,,,,,,,
337690313,OONA,Shout!,,,,,,,,,
336253380,Ramona Falls,Melectric,,,,,,,,,
335979011,MØ,Don’t Wanna Dance,,,,,,,,,
335880829,Зеркальная Маска (Mirrormask) 2005 ,24. Iain Ballamy - Close To Yo  - (MirrorMask OST (2005),,,,,,,,,
335746018,Boy Kill Boy,Promises,Stars And The Sea,2008,Alternative & Punk, Indie Rock, Post-Punk Revival,Male, Male Group,Defiant, Heavy Brooding
335710848,Echosmith,Cool Kids,,,,,,,,,
334990273,The Constellations,Perfect Day,,,,,,,,,
334950883,Blind,Time Is Running Out,,,,,,,,,
333420690,8th,Black Sheep,,,,,,,,,
333409382,ProleteR,April Showers,,,,,,,,,
332144513,Michael Kiske & Amanda Somerville,Silence,,,,,,,,,
331666103,Sad Alice Said,Open Your Eyes,,,,,,,,,
331654624,Petr Elfimov,Eyes That Never Lie (Eurovision 2009 - Belarus),,,,,,,,,
331633596,Michael Kiske & Amanda Somerville,If I Had A Wish,,,,,,,,,
331632924,Revolution Renaissance,I Did It My Way (Lead Vocals Michael Kiske),,,,,,,,,
331630552,Michael Kiske & Amanda Somerville,End Of The Road,,,,,,,,,
331600288,Eicca Toppinen,Evil Ground,,,,,,,,,
331588406,Rave The Reqviem,The Svlphvry Void,,,,,,,,,
331575739,Marie Laforet,"Ivan, Boris et Moi",,,,,,,,,
331548840,Gotthard,"I Know, You Know",Need To Believe [Bonus Track],2009,Rock, Mainstream Rock, General Mainstream Rock,Male, Male Group,Defiant, Heavy Brooding
331542170,KT Tunstall,Saving My Face,Drastic Fantastic,2007,Pop, Western Pop, Adult Alternative Pop,Female, Female,Brooding, Dreamy Brooding
331458126,Marco Hietala,Reach (,,,,,,,,,
331442861,kasiopea,Take Me Home,,,,,,,,,
331415309,Мертвий Півень та Крихітка Цахес,Б'ютіфул Карпати,,,,,,,,,
329383182,The Hardkiss,In﻿ Love,,,,,,,,,
329382612,The Hardkiss,Stones ,,,,,,,,,
329381325,The Hardkiss ,October,,,,,,,,,
329164042,Frank Sinatra,Killing Me Softly With Her Song,,,,,,,,,
328818794,Robbie Williams,H.E.S.,,,,,,,,,
328647239,Nick Cave and the Bad Seeds,We Came Along This Road,,,,,,,,,
328377681,Noel Gallagher's High Flying Birds,Let The Lord Shine A Light On Me,Noel Gallagher's High Flying Birds,2011,Alternative & Punk, Alternative, Alternative Pop,Male, Male Group,Brooding, Dreamy Brooding
328269078,John Williams,Музыка к кинофильму Список Шиндлера,,,,,,,,,
328249276,Darling Violetta,Smaller God,,,,,,,,,
328208660,Vivienne Mort,Я буду..,,,,,,,,,
328190839,"Vivienne Mort (Teatr PipinО, 2013)",Камінсорі ,,,,,,,,,
328180916,Vivienne Mort,Сліди маленьких рук,,,,,,,,,
327893791,Vivienne Mort,Лети,,,,,,,,,
327891786,Кому вниз ТГ, Ліра. Вишня Борія,,,,,,,,,
326940888, DANCE WITH THE DEAD,Sunset ,,,,,,,,,
326911922,DANCE WITH THE DEAD ,Robeast ,,,,,,,,,
326880140,daKooka,coffee,,,,,,,,,
326600809,The Cinematic Orchestra,To Build A Home feat. Patrick Watson,,,,,,,,,
325526887,Metric,Sick Muse,Fantasies,2009,Alternative & Punk, Indie Rock, Post-Punk Revival,Mixed, Mixed Group,Brooding, Energetic Melancholy
324811029,The Cranberries,Conduct,Roses,2012,Rock, Adult Alternative Rock, Adult Alternative Rock,Mixed, Mixed Group,Brooding, Dreamy Brooding
324808021,Stone Temple Pilots,Interstate Love Song,Purple,1994,Alternative & Punk, Alternative, Alternative Rock,Male, Male Group,Excited, Happy Excitement
323138228,Slash,Paradise City (feat. Fergie & Cypress Hill),,,,,,,,,
322291048,Paradise Lost,Erased(Gothic Metal / Doom Metal),,,,,,,,,
321864006,Ennio Morricone,L'estasi Dell'oro (The Ecstasy Of Gold),,,,,,,,,
321677925,Electric Youth,The Best Thing,,,,,,,,,
321641164,Saltatio Mortis,Gott wurfelt nicht,,,,,,,,,
321415969,Hans Zimmer ,Day One Dark[OST Интерстеллар],,,,,,,,,
320219163,Strangeweather,Mourning Sun,,,,,,,,,
319052285,Би-2,Вечная призрачная встречная,,,,,,,,,
318966088,Би-2 и диана Арбенина,Из-за меня,,,,,,,,,
318714910,The Merlons Of Nehemiah,Angst,,,,,,,,,
318491447,Gasmac Gilmore,I Am God,,,,,,,,,
318484926,Omega,Gyöngyhajú Lány (The Girl With The Pearl`s Hair-1969),,,,,,,,,
318468342,Sabaton,40:1,,,,,,,,,
318421145,Gasmac Gilmore,Pitchblack,,,,,,,,,
318410068,L`ame Immortelle,Fallen Angel,,,,,,,,,
317297207,Би-2,Блюз 16+,,,,,,,,,
315523752,Apocalyptica feat Marta Jandova,En vie,,,,,,,,,
315499373,Nargiz Zakirova feat  The Ørphans,Alone,,,,,,,,,
315488066,Darren Korb feat. Ashley Barrett,Paper Boats,,,,,,,,,
315487687,Darren Korb & Ashley Barrett,The Spine (Transistor OST),,,,,,,,,
315208844,Slash,Anastasia,Apocalyptic Love (Featuring Myles Kennedy and The Conspirators),2012,Rock, Hard Rock, General Hard Rock,Male, Male,Urgent, Energetic Anxious
315060006,Meghan Trainor,All About That Bass,,,,,,,,,
315048854,Гудімов,Сумую,,,,,,,,,
314786449,AWOLNATION,Kill Your Heroes,Megalithic Symphony,2011,Alternative & Punk, Synth Pop, Synth Pop,Male, Male,Yearning, Sensitive / Exploring
314777536,Portugal. The Man,My Mind,Church Mouth,2007,Alternative & Punk, Indie Rock, General Indie Rock,Male, Male Group,Urgent, Dark Pop Intensity
314766443, ScottDunbar,TinFoilHat,,,,,,,,,
312908775,Slash,Nothing to Say (feat. M.Shadows from Avenged Sevenfold),,,,,,,,,
312711606,Johnny Cash,Hurt,American IV: The Man Comes Around,2002,Traditional, Classic Country, Outlaw Country,Male, Male,Gritty, Sober / Determined
312674564,CATHEDRALS,In The Dark,,,,,,,,,
312639953,John Murphy,28 Theme,,,,,,,,,
312421674,Epica,Blank Infinity,Consign To Oblivion,2005,Rock, Metal, Progressive Metal,Mixed, Mixed Group,Urgent, Dark Pop
311912468,The Cranberries,Zombie,No Need To Argue,1994,Rock, Adult Alternative Rock, Adult Alternative Rock,Mixed, Mixed Group,Brooding, Evocative / Intriguing
311556790,Shelley Harland,Stay,,,,,,,,,
311282958,Harley Poe,That Time of the Month,,,,,,,,,
311229302,Jesus on Extasy,Stay with me,,,,,,,,,
310694364,Akira Yamaoka & Mary Elizabeth McGlynn,Waiting For You,,,,,,,,,
310653518,Delain,Control The Storm,,,,,,,,,
310653352,Delain,April Rain,,,,,,,,,
310090402,Icon For Hire,Make A Move,,,,,,,,,
310030137,Fit For Rivals,Crash,,,,,,,,,
310026654,ONE OK ROCK,Deeper Deeper,人生 x 僕=,2013,Rock, Japanese Rock, Japanese Rock,Male, Male Group,Urgent, Energetic Anxious
309959637,The Prodigy,Invaders Must Die,Invaders Must Die,2009,Electronica, Electronica Mainstream, Big Beat,Male, Male Group,Urgent, Energetic Anxious
309885723,Vladimir Cosma,"Les Comperes (OST ""Папаши"" (1983))",,,,,,,,,
309434466,Portugal. The Man,People Say,The Satanic Satanist,2009,Alternative & Punk, Indie Rock, General Indie Rock,Male, Male Group,Yearning, Sensitive / Exploring
308902933,Ludovico Einaudi,Experience,In A Time Lapse,2013,Classical, Classical Crossover, Classical Crossover Instrumental,Male, Male,Romantic, Dramatic / Romantic
408698327,Metallica,The Day That Never Comes,Death Magnetic,2008,Rock, Metal, Thrash Metal,Male, Male Group,Urgent, Energetic Anxious
308600252,Epica,Delirium,Requiem For The Indifferent [Bonus Track],2012,Rock, Metal, Progressive Metal,Mixed, Mixed Group,Romantic, Dramatic / Romantic
308598139,Epica,Our Destiny,Design Your Universe [Bonus Track],2009,Rock, Metal, Progressive Metal,Mixed, Mixed Group,Defiant, Heavy Brooding
308588593,My Darkest Days,Still Worth Fighting For,,,,,,,,,
308577865,Edguy,Dragonfly,Tinnitus Sanctus [Bonus Tracks] [Disc 1],2008,Rock, Metal, Power Metal,Male, Male Group,Defiant, Heavy Brooding
307273352,Darren Korb,The Spine (feat. Ashley Barrett) (Transistor OST),,,,,,,,,
307271736,Darren Korb,Paper Boats (feat. Ashley Barrett) (Transistor OST),,,,,,,,,
307256059,Akira Yamaoka,When You're Gone,,,,,,,,,
307239893,[Akira Yamaoka & Melissa Williamson,I Want Love (Silent Hill 3 OST)],,,,,,,,,
307220715,Akira Yamaoka & Melissa Williamson (Mary Elizabeth McGlynn) ,Hell Frozen Rain (Silent Hill Shattered Memories OST),,,,,,,,,
306997748,Katie Melua,The Flood,The House,2010,Pop, Western Pop, Adult Contemporary,Female, Female,Brooding, Dreamy Brooding
306216515,Алина Орлова,Летели облака (cover ДДТ),,,,,,,,,
306216499,ДДТ,Осенняя,,,,,,,,,
306214851,daKooka,someone and noone,,,,,,,,,
306168709,Eels,I Like Birds,Daisies Of The Galaxy,2000,Alternative & Punk, Indie Rock, General Indie Rock,Male, Male Group,Rowdy, Ramshackle / Rollicking
305416401,Slash,Bad Rain,Apocalyptic Love (Featuring Myles Kennedy and The Conspirators),2012,Rock, Hard Rock, General Hard Rock,Male, Male,Rowdy, Driving Dark Groove
305388928,Poets of the Fall,Roses,,,,,,,,,
305386752,Sunrise Avenue,Only,On The Way To Wonderland,2006,Alternative & Punk, Alternative, Alternative Rock,Male, Male Group,Defiant, Heavy Brooding
304735817,Wolfgang Amadeus Mozart,Requiem (Lacrymosa),,,,,,,,,
304709349,Poets Of The Fall,War,,,,,,,,,
303821502,Brainstorm,French Cartoon,,,,,,,,,
303190380,Tom Tykwer/Johnny Klimek/Reinhold Heil,"12. Temple Of Sacrifice (OST-HD: Облачный атлас / Cloud Atlas) (vk.com/OstHD)  музыка из фильма, музыка из трейлера, саундтрек, саундтрэк",,,,,,,,,
302752380, Two Door Cinema Club ,I Can Talk,,,,,,,,,
302160253,Radiohead,Reckoner,In Rainbows [Disc 1],2007,Alternative & Punk, Indie Rock, Post-Modern Art Music,Male, Male Group,Yearning, Energetic Yearning
301786810,Megadeth,Promises,The World Needs A Hero,2001,Rock, Metal, Speed Metal,Male, Male Group,Defiant, Heavy Brooding
301497639,My Chemical Romance,Famous Last Words,The Black Parade,2006,Alternative & Punk, Emo & Hardcore, Emo,Male, Male Group,Urgent, Energetic Anxious
301796383,Green Day,Holiday,American Idiot,2004,Alternative & Punk, Punk, Pop Punk,Male, Male Group,Defiant, Heavy Brooding
301758308,Semisonic,Closing Time,Feeling Strangely Fine,1998,Rock, Adult Alternative Rock, Adult Alternative Rock,Male, Male Group,Empowering, Powerful / Heroic
300426899,Blood Red Shoes,It's Getting Boring By The Sea (OST Скотт Пилигрим против всех),,,,,,,,,
300426445,The Clash At Demonhead,Black Sheep (OST Скотт Пилигрим против всех),,,,,,,,,
300194070,Glenn Morrison feat. Islov,Goodbye,,,,,,,,,
295909786,White Rabbits,Percussion Gun,It's Frightening,2010,Alternative & Punk, Indie Rock, General Indie Rock,Male, Male Group,Urgent, Energetic Anxious
295898610,Edvard Grig,In the Hall of the Mountain King,,,,,,,,,
295861822,Morrissey,Earth Is the Loneliest Planet,,,,,,,,,
295825044,Fuel,Cold Summer,Puppet Strings,2014,Alternative & Punk, Alternative, Alternative Rock,Male, Male Group,Defiant, Heavy Brooding
294511809,White Sea,Flash,,,,,,,,,
294502257,Koven,Another Home,,,,,,,,,
294491908,Ta-ku,Why,,,,,,,,,
291811380,The Glitch Mob,Animus Vox,,,,,,,,,
290865683,David Garrett,Who Wants to Live Forever,,,,,,,,,
289205801,Midnight Juggernauts,Ballad of the War Machine,,,,,,,,,
288405652,Benji Hughes,Waiting For An Invitation,,,,,,,,,
287726238,Xandria,Dreamkeeper,,,,,,,,,
287347656,Estetic Education,Vasil Vasiltsiv,,,,,,,,,
287340554,SomethingALaMode,Losing Game ,,,,,,,,,
287310472,Arctic Monkeys,Feels Like We Only Go Backwards (Tame Impala cover on Triple J 2014),,,,,,,,,
286824735,Three Days Grace,Someone Who Cares,Life Starts Now,2009,Alternative & Punk, Alternative, Alternative Rock,Male, Male Group,Defiant, Heavy Brooding
284347237,Muse,Take A Bow,Black Holes And Revelations,2006,Alternative & Punk, Alternative, Alternative Rock,Male, Male Group,Brooding, Dreamy Brooding
284124623,The Servant,Cells (instrumental),,,,,,,,,
283989453,Moddi,House By The Sea,,,,,,,,,
283895589,Scorpions,Tainted Love,Comeblack,2011,Rock, Hard Rock, General Hard Rock,Male, Male Group,Aggressive, Heavy Triumphant
280497182,Vanilla Sky,Too Late,,,,,,,,,
310653352,Delain,April Rain,,,,,,,,,
279390686,God Is An Astronaut,From Dust to the Beyond,,,,,,,,,
278918898,Temples,The Golden Throne,,,,,,,,,
276261822,The Federal Ft. Rachael Kime,You Don't Want Me Around,,,,,,,,,
276254997,Three Days Grace,The High Road,Transit Of Venus,2012,Alternative & Punk, Alternative, Alternative Rock,Male, Male Group,Empowering, Powerful / Heroic
274940807,The Pretty Reckless,Fucked Up World,,,,,,,,,
274926360,The Pretty Reckless,Why'd You Bring A Shotgun to The Party,,,,,,,,,
273147923,The Pretty Reckless,Absolution,,,,,,,,,
271368920,Tim Minchin,So Long (As We Are Together),,,,,,,,,
271354974,Tim Minchin,Rock 'N' Roll Nerd,,,,,,,,,
271034927,The Stranglers,Golden Brown,All Live and All of the Night,1988,Alternative & Punk, Indie Rock, Original Post-Punk,Male, Male Group,Cool, Dark Groovy
268970491,Andreas Vollenweider - Book Of Roses (1991),The Grand Ball Of The Duljas,,,,,,,,,
268970366,Andreas Vollenweider,Hirzel,,,,,,,,,
268965814,Quidam,Atmadja (Cirque Du Soleil) ,,,,,,,,,
267306675,Digital Emotion,"Get Up, Action (Do You Wanna Funk)",,,,,,,,,
265335739,PNAU,Embrace,,,,,,,,,
265335520,Pnau,Solid Ground,,,,,,,,,
264409787,Marina And The Diamonds,Electra Heart,,,,,,,,,
261151272,Julie London,Fly Me To The Moon,Julie Sings Love,1998,Pop, Classic Pop Vocals, Classic Female Vocal Pop,Female, Female,Upbeat, Happy / Soulful
361073713,VNV Nation,Illusion,Judgement,2007,Alternative & Punk, Synth Pop, Synth Pop,Male, Male Group,Brooding, Dreamy Brooding
258753409,Reamonn,Supergirl,Tuesday,2000,Rock, Adult Alternative Rock, Adult Alternative Rock,Male, Male Group,Brooding, Energetic Melancholy
256798242,U2,Ordinary Love,Ordinary Love,2013,Rock, Adult Alternative Rock, Adult Alternative Rock,Male, Male Group,Empowering, Dramatic Emotion
256405547,John Lennon,Imagine,Imagine,1971,Pop, Western Pop, Singer-Songwriter,Male, Male,Sentimental, Tender / Sincere
252200385,Tim Minchin,If You Really Loved Me,,,,,,,,,
252197941,Tim Minchin,Inflatable You,,,,,,,,,
251977914,THE HARDKISS,Tell Me Brother  ,,,,,,,,,
246904529,OK Go,Here It Goes Again,Oh No,2005,Alternative & Punk, Alternative, Alternative Pop,Male, Male Group,Urgent, Energetic Anxious
245704726,The Rasmus,Justify,Black Roses,2008,Alternative & Punk, Alternative, Alternative Rock,Male, Male Group,Brooding, Energetic Melancholy
244169869,Submotion Orchestra,Hard To Stay,,,,,,,,,
243146108,Joby Talbot,"Jonny Piano (OST ""Пенелопа"")",,,,,,,,,
242647599,Coldplay,Green Eyes,A Rush Of Blood To The Head,2002,Alternative & Punk, Brit Rock, Brit Rock,Male, Male Group,Empowering, Strong / Stable
242143614,Nickelback,Never Gonna Be Alone,Dark Horse,2008,Alternative & Punk, Alternative, Alternative Rock,Male, Male Group,Upbeat, Happy / Soulful
241368177,Birdy,Strange Birds,Fire Within,2013,Alternative & Punk, Alternative Folk, Alternative Folk,Female, Female,Sophisticated, Smoky / Romantic
240202925,Hypnogaja,Kill The Humans,,,,,,,,,
239476800,Tim McMorris,Give Our Dreams Their Wings To Fly,,,,,,,,,
238100512,Dikta,Breaking The Waves,,,,,,,,,
235896576,John Brion,Change Your Heart,,,,,,,,,
234379722,Keane,Higher Than The Sun,The Best Of Keane,2013,Alternative & Punk, Brit Rock, Brit Rock,Male, Male Group,Empowering, Dramatic Emotion
233290439,Pur:Pur,Me is,,,,,,,,,
233288373,Pur:Pur,Синяя Борода,,,,,,,,,
233286246,Pur:Pur,A Kiss,,,,,,,,,
240202925,Hypnogaja,Kill The Humans,,,,,,,,,
229135184,Adiemus - The Best Of Adiemus (1999),12.Cantus - Song Of Tears (Edit),,,,,,,,,
228933562,Сергей Бабкин ,"Возьми меня (""Сергевна"", 2013)",,,,,,,,,
228932668,Сергей Бабкин,Забери меня к себе ,,,,,,,,,
228931829,Мумий Тролль,Дельфины,,,,,,,,,
228929662,Arctic Monkeys,I Bet You Look Good On The Dancefloor,"Whatever People Say I Am, That's What I'm Not",2006,Alternative & Punk, Indie Rock, Post-Punk Revival,Male, Male Group,Defiant, Hard Dark Excitement
228143959,Sting,Until,,,,,,,,,
228103905,Groove Armada,Easy,Lovebox,2002,Electronica, Electronica Mainstream, Big Beat,Male, Male Duo,Excited, Euphoric Energy
226807679,Stabilo,Everybody,,,,,,,,,
226764162,AWOLNATION,Wake Up,Megalithic Symphony,2011,Alternative & Punk, Synth Pop, Synth Pop,Male, Male,Urgent, Dark Pop Intensity
226342175,Крихітка Цахес,Монета,,,,,,,,,
226212382,Ashram,Maria And The Violin's String,,,,,,,,,
216010915,Hellsing OST,The World Without Logos,,,,,,,,,
215311469,Armin van Buuren feat. Lauren Evans,Alone,,,,,,,,,
213653103,Poets of the Fall,Where Do We Draw the Line,,,,,,,,,
213419691,Guyz Nite,Die Hard,,,,,,,,,
213286557,Franz Ferdinand,Take Me Out,Franz Ferdinand,2004,Alternative & Punk, Indie Rock, Post-Punk Revival,Male, Male Group,Brooding, Alienated / Brooding
213266962,Two Steps﻿ From Hell,Strength Of A Thousand Men (Instrumental Core Remix)  ♥ vk.com/club_smakmusic ,,,,,,,,,
211381910,Tim McMorris,It's a Beautiful Day,,,,,,,,,
211079404,Something A La Mode,GString,,,,,,,,,
211077964,The BossHoss,Don't gimme that,,,,,,,,,
209858926,Bleach OST,Shiro Sagisu - Will of the heart,,,,,,,,,
209856120,Shiro Sagisu,never meant to belong(Bleach OST),,,,,,,,,
208971939,Chris Cornell,You Know My Name,Carry On,2007,Rock, Adult Alternative Rock, Adult Alternative Rock,Male, Male,Yearning, Energetic Yearning
208574972,FMLYBND,Electricity,,,,,,,,,
208521174,Agnes Obel,Just So,Philharmonics,2010,Alternative & Punk, Indie Rock, Chamber Pop,Female, Female,Sentimental, Tender / Sincere
171912567,Fallulah,Give Us A Little Love,The Black Cat Neighbourhood,2010,Alternative & Punk, Indie Rock, General Indie Rock,Female, Female,Sophisticated, Smoky / Romantic
208420164,Oasis,I'm Outta Time,Dig Out Your Soul,2008,Alternative & Punk, Brit Pop, Brit Pop,Male, Male Group,Brooding, Dreamy Brooding
206257493,Breaking Benjamin,The Diary Of Jane,Phobia,2006,Alternative & Punk, Alternative, Alternative Rock,Male, Male Group,Defiant, Heavy Brooding
206109132,My Chemical Romance,The Sharpest Lives,The Black Parade,2006,Alternative & Punk, Emo & Hardcore, Emo,Male, Male Group,Urgent, Energetic Anxious
205704996,Tim McMorris,Life is Beautiful,,,,,,,,,
202886017,How I Met Your Mother,Main theme,,,,,,,,,
202145641,take that & Robbie Williams,sos (Progress album 2010),,,,,,,,,
201883498,ThePianoGuys,The Cello Song (Bach Is Back),,,,,,,,,
456239128,Stateless,Bloodstream,,,,,,,,,
201044515,5nizza,Забери меня к себе,,,,,,,,,
201040435,The Piano Guys,Love Story (Taylor Swift) meets Viva la Vida (Coldplay),,,,,,,,,
198777350,Rival State,Sleep Talker,,,,,,,,,
198585048,Finger Eleven,Paralyzer,Them Vs. You Vs. Me,2007,Alternative & Punk, Alternative, Alternative Rock,Male, Male Group,Rowdy, Driving Dark Groove
198122280,Far East Movement,Like A G6,Free Wired,2010,Urban, Western Hip-Hop/Rap, General Hip-Hop/Rap,Male, Male Group,Defiant, Attitude / Defiant
195393208,Mother Mother ,Let's Fall In Love,,,,,,,,,
195536399,Mother Mother,Chasing It Down,,,,,,,,,
193200591,Aleah,Vapour (Mirco Niemeier Edit),,,,,,,,,
192849160,John Murphy,"Don Abandons Alice (OST ""28 дней спустя"")",,,,,,,,,
191616868,Злата Огневич,Зозуля,,,,,,,,,
206257493,Breaking Benjamin,The Diary Of Jane,Phobia,2006,Alternative & Punk, Alternative, Alternative Rock,Male, Male Group,Defiant, Heavy Brooding
185081404,Buried In Verona,LionHeart,,,,,,,,,
185078481,Chevelle,The Fad,Vena Sera,2007,Rock, Metal, Nu-Metal,Male, Male Group,Defiant, Heavy Brooding
184695390,My Chemical Romance,The Jetset Life Is Gonna Kill You,Three Cheers For Sweet Revenge,2004,Alternative & Punk, Emo & Hardcore, Emo,Male, Male Group,Defiant, Heavy Brooding
184543025,Takers feat.Chipper (Matinée Amnesia Ibiza 2012)," Alive (Original Mix) ★ EXCLUSIVE! for club5485048 ★ [track at ➨ 11.07.2012] - Progressive House, Electro Progressive",,,,,,,,,
184540629,Jean Elan Ft Cosmo Klein,Feel Alive,,,,,,,,,
184539644,Blackmore's Night,Wish You Were Here,Shadow of The Moon,1997,Rock, 70's Rock, Neo-Prog Rock,Mixed, Mixed Group,Romantic, Dramatic / Romantic
183453672,"Віктор Павлік, Анжеліка Рудницька, Микола Трубач  ",Знайди мене,,,,,,,,,
180193571,I Hate Kate,Then You Kiss,,,,,,,,,
180190331,Bob Sinclar feat Sophie Ellis Bextor,Fuck With You (Fuzzy Hair Remix)(CUT) → vk.com/top_club_music,,,,,,,,,
177384709,Snow Patrol,Called Out In The Dark,Fallen Empires,2011,Alternative & Punk, Brit Rock, Brit Rock,Male, Male Group,Excited, Upbeat Pop Groove
177157539,Calvin Harris , Sweet Nothing (feat. Florence Welch),,,,,,,,,
177086679,Jocelyn Pook,Loving Strangers,,,,,,,,,
176240771,Esthetic Education ,Unbelievable,,,,,,,,,
176108711,Maybeshewill,He Films The Clouds Pt. 2,,,,,,,,,
176107379,Break My Fucking Sky,spacemode,,,,,,,,,
175422572,Break my fucking sky,Last Song,,,,,,,,,
174009753,Poets of the Fall,Sleep,,,,,,,,,
172207557, Scott Dunbar,Tin Foil Hat,,,,,,,,,
172013741,The Temper Trap,Sweet Disposition,Conditions,2009,Alternative & Punk, Indie Rock, Post-Punk Revival,Male, Male Group,Brooding, Energetic Melancholy
171912567,Fallulah,Give Us A Little Love,The Black Cat Neighbourhood,2010,Alternative & Punk, Indie Rock, General Indie Rock,Female, Female,Sophisticated, Smoky / Romantic
170784270,"Тартак,Моторолла,Хвилю тримай",Якби всі люди взяли гітари,,,,,,,,,
170686351,The Elderberries,Bikini (Cyberpunkers Remix),,,,,,,,,
170685802,Моторолла,"Не дзвонила, не заходила",,,,,,,,,
170643732,God Help the Girl,Baby You’re Blind,,,,,,,,,
170642249,God Help The Girl,Funny Little Frog,,,,,,,,,
170233701,Mushmellow,Hellen,,,,,,,,,
169737377,Теді Ведмеді,ZORELIT,,,,,,,,,
167432779,I Am Waiting For You Last Summer,Solar Wind,,,,,,,,,
167007409,Brainstorm,The Kitten Who Didn't Want to Give Up,,,,,,,,,
166750668,Modjo,Lady (Hear Me Tonight),Modjo (UK CD Set),2001,Electronica, House, Euro House,Male, Male Duo,Stirring, Jubilant / Soulful
166740135,Motorama,Alps,,,,,,,,,
166735986,The Pretty Reckless,You,,,,,,,,,
166734656,Motorama,Wind In Her Hair,,,,,,,,,
166733165,Motorama,Ship,,,,,,,,,
166732512,Motorama,Empty Bed,,,,,,,,,
166674860,Cosmic Gate feat. Emma Hewitt,Not Enough Time (Radio Edit),,,,,,,,,
166655091,Emma Hewitt,These Days Are Ours,,,,,,,,,
165367496,DeeExpus,The King of Number 33 - Part 2 - Accession (2011),,,,,,,,,
165364856,Liam and Me,Say It Out Loud .,,,,,,,,,
165070972,Lюk,Сахалiн,,,,,,,,,
163915119,Lynsey De Paul,Sugar Me,,,,,,,,,
164104179,Paula Seling & Ovi,Playing With Fire ,,,,,,,,,
164103378,Michael Tolcher,Bad Habits,,,,,,,,,
163574992,Emma Hewitt,Colours (Album Version),,,,,,,,,
163539397,Beck,Everybody's Gotta Learn Sometimes,,,,,,,,,
162978966,lazlo bane,i'm no superman ,,,,,,,,,
162316496,Chew Lips,Karen (Netsky Remix),,,,,,,,,
161850313,Kuroshitsuji OST,Si deus me relinquit,,,,,,,,,
150013000,I am waiting for you last summer,Unseen,,,,,,,,,
149268278,Vanilla Sky,Just dance,,,,,,,,,
148177877,Slash,Promise,Slash,2010,Rock, Hard Rock, General Hard Rock,Male, Male,Defiant, Heavy Brooding
147182423,ATB,My Everything,Future Memories [Disc 1],2009,Electronica, Trance, Trance,Male, Male,Yearning, Energetic Dreamy
146387019,The Kooks,Ooh La,Inside In/Inside Out,2006,Alternative & Punk, Indie Rock, Indie Pop,Male, Male Group,Urgent, Energetic Anxious
143577496,IAMX,Think Of England ,,,,,,,,,
143569354,IAMX,My Secret Friend (Feat. Imogen Heap),,,,,,,,,
143447521,IAMX,The Negative Sex,,,,,,,,,
142986186,Skye Edwards (ex-Morcheeba),Feel Good Inc. (Gorillaz cover),,,,,,,,,
142625631,Carly Comando,Everyday,,,,,,,,,
141907034,Poets of the Fall,Carnival of Rust [Карнавал Тлена],,,,,,,,,
140391193,I Am Arrows,Green Grass,,,,,,,,,
139158025,White Apple Tree,Snowflakes,,,,,,,,,
137076448,'My First Hardcore Song' by 8 yr old Juliet OFFICIAL,Без названия,,,,,,,,,
136967729,The Kooks,Be Mine,Inside In/Inside Out,2006,Alternative & Punk, Indie Rock, Indie Pop,Male, Male Group,Defiant, Hard Positive Excitement
135872142,Two Door Cinema Club,What You Know (LightsoverLA Remix),,,,,,,,,
135016710,Mina Tindle,To Carry Many Small Things,,,,,,,,,
135016610,ramona falls,russia,,,,,,,,,
133323086,The Hardkiss,Babylon,,,,,,,,,
133320940,The HARDKISS,Dance With Me,,,,,,,,,
132260210,Эдуард Артемьев,Финал  - Свой среди чужих,,,,,,,,,
132246909,Tango,El Tango de Roxanne (instr.),,,,,,,,,
128035030,ОЛА ОЛА ЛА ЛА))))!!!,Без названия,,,,,,,,,
121135638,009 Sound System,Trinity,,,,,,,,,
120442841,NoraLasso feat Кузьма Скрябін,Веером,,,,,,,,,
120236492,Океан Ельзы,Він чекає на неї,,,,,,,,,
118104013,Audio Bullys,Only Man,Higher Than The Eiffel,2011,Electronica, Electronica Mainstream, Big Beat,Male, Male Duo,Energizing, Edgy / Sexy
118103715,Ida Corr Vs Fedde Le Grand,Let Me Think About It,,,,,,,,,
116125581,Kylie Minogue,In Your Eyes,Fever,2001,Pop, Western Pop, Dance Pop,Female, Female,Fiery, Fiery Groove
110911153,Моторолла,Моя вода,,,,,,,,,
110869150,МОТОРОЛЛА,Восьмим кольором,,,,,,,,,
109386245,Сплин,Прочь из моей головы,,,,,,,,,
109283262,Alanis Morissette,Crazy,The Collection,2005,Rock, Adult Alternative Rock, Adult Alternative Rock,Female, Female,Urgent, Dark Pop Intensity
109276099,the pierces,secret,,,,,,,,,
109273990,The Pierces,Sticks And Stones,,,,,,,,,
109036800,Иванов Александр,"Боже, Какой Пустяк сделать хоть раз что-нибудь не так, выкинуть хлам из дома и старых позвать друзей, но что-то всерьез менять, не побоясь в мелочах потерять, свободно только небо над головой моей",,,,,,,,,
108401188,Estetic Education,Machine,,,,,,,,,
105798785,вв,танцІ ,,,,,,,,,
105798219,ВВ,Колискова,,,,,,,,,
105797488,ВВ,Вiдпустка,,,,,,,,,
104900529,Carrie Underwood,Cowboy Casanova,Play On,2009,Traditional, Country, Contemporary Country,Female, Female,Urgent, Dark Pop Intensity
101852056,The Cranberries,Wake Up And Smell The Coffee,Wake Up And Smell The Coffee,2001,Rock, Adult Alternative Rock, Adult Alternative Rock,Mixed, Mixed Group,Urgent, Energetic Anxious
101573598,Take That,Kidz,Progress,2010,Pop, Western Pop, Teen Boy Band,Male, Male Group,Urgent, Energetic Anxious
101572724,Arctic Monkeys,Old Yellow Bricks,Favourite Worst Nightmare,2007,Alternative & Punk, Indie Rock, Post-Punk Revival,Male, Male Group,Defiant, Heavy Brooding
99980131,OneRepublic,Everybody loves me (Guitar Hero 5 DLC) ,,,,,,,,,
98935234,Уматурман,Оранжевый плащ,,,,,,,,,
98932629,УмаТурман,"Я так ждала тебя, Вова",,,,,,,,,
98931031,Уматурман,В городе дождь,,,,,,,,,
98823308,♬Уматурман,Проститься,,,,,,,,,
97973774,Mr Lab,Anyway,,,,,,,,,
96795714,pomplamoose,gatekeeper (feist),,,,,,,,,
96791611,Pomplamoose,Telephone,,,,,,,,,
93205233,Season Of Hope,Autumn,,,,,,,,,
93033556,2nd Season,Intro (The Pirate Stuff)(home demo),,,,,,,,,
92292259,Sergey Nosta - Top 5 Chart [December`10], Places 2,,,,,,,,,
92289139,sunshine,top! top! the radio!,,,,,,,,,
92216680,Меладзе,Спрячем слезы,,,,,,,,,
91793354,Валерий Меладзе,Самба белого мотылька,,,,,,,,,
91792792,Валерий Меладзе,Се ля ви,,,,,,,,,
91516560,Archive,You Make Me Feel(OST GossipGirl),,,,,,,,,
91070154,Armin Van Buuren Feat. Christian Burns,This Light Between Us,,,,,,,,,
90742878,Scars On Broadway,Serious \\ I'm just lookin' for a new romance,,,,,,,,,
90517839,Oren Lavie,Her morning elegance,,,,,,,,,
89447963,John O'Callaghan & Kelly Holiday,Take It All Dogma Away,,,,,,,,,
88813044,Kansas,Carry On My Wayward Son,Playlist: The Very Best Of Kansas,2008,Rock, 70's Rock, Classic Rock,Male, Male Group,Empowering, Powerful / Heroic
86448205,Скрябін,Квінти,,,,,,,,,
82129240,Ryan Star,Brand New Day(саундтрек сериала Теория лжы),,,,,,,,,
83869910,Kazantip,2010,,,,,,,,,
78386302,Plumb,Cut [OST The Vampire Diaries],,,,,,,,,
78324877,Саундтрек з Роккі-3 ,Eye of tiger!,,,,,,,,,
78095737,Armin van Buuren,Serenity @ SENSATION WHITE 2005 - on piano ,,,,,,,,,
78094846,Armin Van Buuren,Serenity (Sensation White Theme 2005) (feat. Jan Vayn),,,,,,,,,
77891399, Within Temptation - (The Vampire Diaries 19 серия/танец Елены и Дэймона),All I Need  ,,,,,,,,,
77419028,My Chemical Romance,This Is How I Disappear,The Black Parade,2006,Alternative & Punk, Emo & Hardcore, Emo,Male, Male Group,Defiant, Heavy Brooding
77081973,Shaun Baker Feat. Maloy,Give (Michael Mind Radio Version) *_BBS_*,,,,,,,,,
76547758,Jon Sortland,Shelf Life Theme,,,,,,,,,
76199649,Kings Of Convenience,Boat Behind,Declaration Of Dependence,2009,Alternative & Punk, Alternative, Alternative Singer-Songwriter,Male, Male Duo,Gritty, Sober / Determined
76151135,† ♪♫.ιllιlιι  • Flёur †,Формалин • ,,,,,,,,,
76014341, Yumi Kimura,Itsumo Nando Demo (Always With Me) [OST Spirited Away],,,,,,,,,
76011783,OST Spirited Away,Day Of The River,,,,,,,,,
76011584,Joe Hisaishi,(OST Spirited away) The Sixth Station,,,,,,,,,
76011413,Spirited Away OST,05 - Ryuu no Shounen (The Dragon Boy),,,,,,,,,
75847064,Океан Ельзи ,Надя ,,,,,,,,,
75793019,Joe Hisaishi,Merry-Go-Round [Howl’s Moving Castle],,,,,,,,,
75181512,Unkle Bob,Swans,,,,,,,,,
75151625,Villeneuve,Tomorrow Never ,,,,,,,,,
74896310,Marcelo Zarvos ,"Summer (OST ""Remember me"")",,,,,,,,,
74063071,ALyosha ,Sweet People ( НОВАЯ песня на Eurovision 2010 Ukraine),,,,,,,,,
73939977,Linda Perry & Grace Slick,Knock Me Out ,,,,,,,,,
73939699,ALyosha (украина),To Be Free ,,,,,,,,,
72975969,Robbie Williams,Bodies,Reality Killed The Video Star,2009,Pop, Western Pop, Adult Contemporary,Male, Male,Yearning, Energetic Yearning
72702738,Земфира,Мачо,,,,,,,,,
72696682,Земфира,Мы разбиваемся ,,,,,,,,,
72639004,Святослав Вакарчук,Колискова ,,,,,,,,,
72638590,Святослав Вакарчук,Чайка,,,,,,,,,
72637988,Друга Ріка,Космоzоо,,,,,,,,,
72590353,Jay-z feat Alicia Keys ,Empire state of mind (New York) ost Sex and the city 2,,,,,,,,,
72315647,Franz Ferdinand,Ulysses,Tonight: Franz Ferdinand,2009,Alternative & Punk, Indie Rock, Post-Punk Revival,Male, Male Group,Rowdy, Driving Dark Groove
72255661,Kaiser Chiefs,Ruby,"Yours Truly, Angry Mob",2007,Alternative & Punk, Indie Rock, General Indie Rock,Male, Male Group,Empowering, Powerful / Heroic
70705110,dj Топольский - Без тебя.mp3, Без тебя,,,,,,,,,
69675000,David Guetta & Estelle & P@X@Tu*HCK*uu,One Love (2009),,,,,,,,,
69368066,ТІК,Листопад. ... а я собі пригадую... тебе))),,,,,,,,,
68757787,Паша Чехов,О любви,,,,,,,,,
68746902,Reamonn,Tonight,Wish,2006,Rock, Adult Alternative Rock, Adult Alternative Rock,Male, Male Group,Gritty, Strumming Yearning
68284513,Dash Berlin feat. Emma Hewitt,Waiting,,,,,,,,,
68261718,Паша Чехов,В порту,,,,,,,,,
68189092,Jem,They,Finally Woken,2004,Pop, Western Pop, Adult Alternative Pop,Female, Female,Sensual, Intimate
68003803,Yann Tiersen,La Chute,Le Phare,1998,Soundtrack, Original Film/TV Music, General Film Music,Male, Male,Peaceful, Quiet / Introspective
67718672,"Eric Serra feat, Lucia Di Lammrmor","The Diva Dance from ""The fifth element""",,,,,,,,,
67717755,Бумбокс,Поліна,,,,,,,,,
67524842,Groove Addicts,Ashes To Ashes (музыка из второго трейлера к Новолунию),,,,,,,,,
67164249,Lafee,Tell Me Why,,,,,,,,,
66666420,Lama,Я не та,,,,,,,,,
61303317,Serj Tankian,Sky Is Over,Elect The Dead,2007,Rock, Metal, Nu-Metal,Male, Male,Brooding, Energetic Melancholy
44916035,Coldplaу-Viva_la_Vida_Grant39s_Uplifting_Club_Mix.mp3,Без назви,,,,,,,,,
42933381,Невiдомий,Без назви,,,,,,,,,
42829536,Sunrise Avenue,Fairytale Gone Bad,On The Way To Wonderland,2006,Alternative & Punk, Alternative, Alternative Rock,Male, Male Group,Urgent, Energetic Anxious
42829425,Robbie Williams,Feel,Escapology,2002,Pop, Western Pop, Adult Contemporary,Male, Male,Gritty, Strumming Yearning
42829258,System Of A Down,Dreaming,Hypnotize,2005,Rock, Metal, Nu-Metal,Male, Male Group,Defiant, Heavy Brooding
