id,deezer_id,title,artist
456239189,456239189,Organum,Max Richter
456239188,456239188,First Day of My Life,The Rasmus
456239187,456239187,Boxcar,The Rosebuds
id,deezer_id,title,artist
456239189,456239189,Organum,Max Richter
456239188,456239188,First Day of My Life,The Rasmus
456239187,456239187,Boxcar,The Rosebuds
456239189,456239189,Organum,Max Richter
456239188,456239188,First Day of My Life,The Rasmus
456239187,456239187,Boxcar,The Rosebuds
456239190,"",Heartstrings,artist
456239189,77537339,Organum,Max Richter
456239188,61970737,First Day of My Life,The Rasmus
456239187,38781381,Boxcar,The Rosebuds
456239190,"",Heartstrings,Leighton Meester
456239189,77537339,Organum,Max Richter
456239188,61970737,First Day of My Life,The Rasmus
456239187,38781381,Boxcar,The Rosebuds
